{
  "sample_idx": 593,
  "true_label": 31,
  "raw_num_classes": 196,
  "new_num_classes": 197,
  "normal_inference": {
    "probabilities": [
      8.546477397066861e-06,
      4.028425667599084e-05,
      0.00017780956508540787,
      5.56243157104922e-05,
      4.644002924679551e-07,
      0.00010852300003477262,
      0.0005249867150664682,
      0.000983372220151809,
      9.136083880920153e-05,
      0.00014712745732959164,
      0.00017331364526666662,
      0.0003134519759992798,
      0.0009312591682890326,
      0.000102499394321392,
      0.00011668884331631597,
      4.2270828226464326e-05,
      0.0007274051450239269,
      1.9389608922665556e-05,
      0.0001855447531123063,
      0.0006259070657872726,
      5.673265839045083e-05,
      0.002889683702440123,
      0.00019323375747321781,
      0.00038573364059236797,
      9.707498315455328e-05,
      0.0001817455590270213,
      2.3674474305503954e-05,
      0.00021460015252827537,
      0.0009800021555904552,
      0.0002816021176942812,
      0.0004741326028143922,
      0.9357431742420533,
      0.00024219391824968127,
      7.166482914011541e-05,
      6.939903257027161e-05,
      0.0003392299199552784,
      0.0007076903357861031,
      0.0006863822563264235,
      2.492755181080209e-05,
      0.001028239418244629,
      0.00017004878689738643,
      5.6448080599099695e-06,
      0.000891481973047079,
      8.646526583453968e-05,
      3.40165730200444e-05,
      0.00015208093667433499,
      2.7399019716949563e-05,
      1.2682729717897608e-05,
      0.0001119796910712469,
      4.902859862153328e-05,
      4.103355966246057e-05,
      0.00019833825362808774,
      2.0132786297660744e-05,
      0.00014826375988133834,
      0.00012471310255824815,
      4.006916923812635e-05,
      0.0010091901352369977,
      0.00018570635337079457,
      0.002187802602359107,
      0.0015981464528823151,
      2.530707807820228e-05,
      3.0125037097867432e-05,
      0.00011091435636302682,
      0.00012816715127467293,
      0.0005593471319607042,
      5.2451957615173454e-05,
      0.0003904064184845473,
      0.0004765629156663794,
      0.0005258325063590895,
      0.00023431061320606592,
      8.968918048876086e-05,
      0.0006242259646806777,
      0.0004575038610049945,
      0.00023629581273434312,
      0.00021562268076134687,
      0.00018075929415115638,
      0.00014540531177366202,
      0.00027432452116460404,
      3.2294737712724444e-05,
      0.002889683702440123,
      4.0100402168953907e-05,
      0.0001176860509434271,
      4.166265113875229e-05,
      6.340056113412757e-06,
      3.284317650173924e-05,
      0.0002107133739046867,
      6.225060557940827e-05,
      1.4835547139394409e-05,
      5.923915084888132e-06,
      9.52697263534798e-05,
      0.002719301112833584,
      0.0005764778011321021,
      2.3728664375525678e-05,
      2.7310975871898113e-05,
      2.5794531527045984e-05,
      0.00013926227720536437,
      0.00016030887471866166,
      0.0008758968369526993,
      0.00015203192723792978,
      0.00017883096808267706,
      1.0978794124898783e-05,
      3.512637284432642e-05,
      0.0001312091655861906,
      1.2435674862603734e-05,
      0.000714092919129814,
      0.00010687607609099713,
      6.282852924950916e-05,
      7.547837818402629e-05,
      8.235376298840471e-06,
      6.46748451011732e-06,
      0.0005662479782292531,
      5.913718080306444e-05,
      0.00033103056024678506,
      0.000573811310662721,
      7.693646189525929e-05,
      0.0018695688644502374,
      4.389067268223634e-06,
      0.0003070260758354847,
      0.0008636054244055819,
      1.1866646946209477e-05,
      0.0015526365451387209,
      0.00042112031332924854,
      0.002889683702440123,
      0.0003077661793056725,
      0.00023965916370158902,
      0.00020756519919505644,
      3.273538103973582e-05,
      1.2721243799569363e-05,
      0.00011913856025808626,
      3.676097669403821e-05,
      9.988717650174654e-05,
      0.00030181351686200833,
      5.554760189861e-05,
      6.833853419659043e-05,
      0.0004402682297354723,
      0.002889683702440123,
      1.1620235293955183e-05,
      8.096792533727962e-05,
      3.4905003909813146e-05,
      2.632283862315747e-05,
      2.206043062198429e-05,
      8.936648807057108e-05,
      7.242086921043742e-05,
      5.71957798074081e-05,
      0.0015458855344125358,
      0.00017945649390219384,
      0.0005480397709802065,
      5.130305693857981e-05,
      9.183441514697466e-06,
      3.645770946584831e-05,
      4.2366570137308235e-05,
      1.7329762569561566e-05,
      7.482507582785272e-05,
      0.00028181315277984087,
      0.0027619527312081516,
      4.0829514481918776e-05,
      0.0005204495824753473,
      0.00010938666126050634,
      0.00010740484781600154,
      3.918373561044125e-05,
      0.00013451729972452375,
      0.00035397369944362644,
      3.6267564559387206e-05,
      0.0006097236410675161,
      0.00019830478325918215,
      5.1908184897210917e-05,
      8.829991086261289e-05,
      0.00021540641971575262,
      1.9740167303162224e-05,
      7.345587916112013e-05,
      4.1840083325422015e-05,
      5.743869758331679e-05,
      0.00010025710674424112,
      3.248593389460257e-05,
      5.289522268181777e-05,
      0.0008621872171667663,
      0.00047323282212268105,
      4.965673583279776e-05,
      5.7805407366837426e-05,
      0.00011255542410571068,
      0.0007616795468743949,
      0.00011094821935360402,
      0.00015140255634772657,
      0.00019836483697161663,
      0.0008772534297674812,
      6.533539251895038e-06,
      1.534360547373323e-05,
      4.2083385069579044e-05,
      4.10055272701699e-05,
      0.0003967845543769428,
      9.74606108970701e-05,
      4.0422284764561886e-05,
      0.00011786889956134549,
      3.694855058844407e-05,
      0.0008577831647172547,
      1.5792258854177165e-05
    ]
  },