{
  "sample_idx": 6326,
  "true_label": 21,
  "raw_num_classes": 196,
  "new_num_classes": 197,
  "normal_inference": {
    "probabilities": [
      1.6008465399417944e-05,
      0.001374497665722636,
      0.0006699653699932876,
      0.0011748510271512285,
      8.987363191840353e-05,
      0.00022261902921144882,
      0.0013298046504074104,
      0.0007735148408546176,
      0.002838501437997977,
      0.001029870278604665,
      0.0009032043472902462,
      0.0006708121294418892,
      0.004487270888929568,
      0.0002657495374204933,
      0.00020699744468947326,
      0.0005554671419317192,
      0.0005148473303695524,
      0.0003779126915447473,
      0.0020369136632358755,
      0.0009735796309349797,
      0.00025562255101057316,
      0.7141185922724198,
      0.00023186513851630088,
      0.0013175957865387735,
      0.0001517477282628579,
      0.00024205207654612307,
      0.00032156404682897027,
      0.008856377441269436,
      0.0006395572738552844,
      0.0007221743926542017,
      6.292341688025779e-05,
      0.0007665165312473992,
      0.00011614351744108915,
      0.0001975101699233716,
      0.001060056801194232,
      0.00026863289036788656,
      0.00527241721680211,
      0.00378269136394208,
      0.0007188555172266969,
      0.0006071263062558002,
      0.0004151491138319547,
      0.000885192877313996,
      0.0011022964629386306,
      0.0003718888760237628,
      9.498817314294171e-05,
      0.0008004535989884359,
      0.0007100899336475377,
      0.00019812559316753796,
      0.0005019399720354675,
      0.0001599634650954529,
      0.0013449053922949942,
      0.0006894095079783727,
      0.0007186240026066619,
      0.001614886804140512,
      0.010938942483478159,
      0.0005778869547812983,
      0.0013166941329641152,
      0.0027778684896830243,
      0.0004734596414816845,
      0.002092716413322996,
      0.0035759700828441278,
      0.0005548567938490292,
      0.010938942483478159,
      3.961506129002197e-05,
      0.0001708897004995963,
      9.48950347406519e-05,
      0.003051578973221966,
      0.0008269086236362707,
      0.0001771226647601053,
      0.0018048392914743877,
      0.00035166681949550346,
      0.010938942483478159,
      0.0002556840113747678,
      0.0027897725969247954,
      0.00012024560446132103,
      0.0012224133171053714,
      0.0002773364101557365,
      7.741181790906228e-05,
      2.5154796357683996e-05,
      0.00035503943036084524,
      0.0023753269256638343,
      0.0005776067197548385,
      6.509490594964157e-05,
      0.004518867652538144,
      0.0010298997141021979,
      0.001760627683957298,
      0.0010650256802281941,
      0.010938942483478159,
      0.0007139910271515919,
      0.00016388440327273602,
      0.0027512588140903983,
      2.061014375401345e-05,
      0.0008392844084918887,
      0.0003085795699397843,
      0.0037314650951373192,
      0.0005838317329970148,
      0.00017542655123760844,
      0.0006710390725116502,
      7.654109065656286e-05,
      0.0087011061123238,
      0.0003857673592883319,
      0.0015307355950851136,
      0.0002119306565928491,
      0.0010531190615075648,
      0.00048039759035097197,
      0.009797831445927194,
      5.988775704577292e-05,
      0.0002929882325325316,
      0.00025382223345997613,
      8.592796870209768e-05,
      0.0004490957029285312,
      0.001959686659419511,
      0.00018281174003509647,
      0.0005343979246468035,
      0.0010767492260310473,
      0.0012423996794334654,
      0.00025041507436312127,
      1.4607598749636838e-05,
      0.00027854996762944435,
      0.010938942483478159,
      0.00013307966425281703,
      0.00011238136766531958,
      0.000739244608123427,
      0.0005504748086798693,
      0.00019432048937919501,
      0.0005320361296260503,
      0.0004253732959441146,
      0.0009522341749718076,
      0.0010565392416391753,
      0.00010730164452164724,
      0.0015463371528665207,
      0.0003914867276322494,
      0.00020902301108199485,
      0.002611428929242658,
      0.0005225825938072575,
      0.00031739153619812956,
      0.00036711694335891877,
      0.0012037910117379078,
      0.0007165592955784133,
      0.0015031705288261247,
      3.5183105755044775e-05,
      0.0029680330454529827,
      0.0004799779607726334,
      0.0012515245164280138,
      0.004429869375315823,
      0.004250770656137536,
      6.944066012407366e-05,
      0.0024967971433635014,
      0.0008101047718483592,
      0.002558990897667322,
      5.102912104805666e-05,
      0.0001232160760689557,
      0.0008004495919346164,
      0.0001412657264907015,
      0.0003048809266036146,
      0.00451311778309006,
      0.010938942483478159,
      0.00040979488757950485,
      0.002272837536262141,
      0.0007030292563293256,
      0.0022303451447026734,
      0.0012099414673643648,
      8.49380807284001e-05,
      0.0037677469248355655,
      0.00015032135968203963,
      7.739233496889745e-05,
      0.0032857987330662183,
      0.00032868810243488,
      0.001925624452947061,
      0.0012304592832325916,
      0.00012845812883495512,
      4.9335874328801695e-05,
      0.007601420065915601,
      0.0015414477784762284,
      0.004906445177015095,
      0.00041591328805973846,
      0.0035182582985341486,
      0.007107734152513422,
      0.0003748693859108683,
      0.0003639890791624091,
      0.0006261823509422684,
      0.0005147810441629312,
      1.0074943799473687e-05,
      0.0001308059798696538,
      0.0008296827938322305,
      0.000846072829671564,
      0.0008004558798203631,
      0.0003465218404265588,
      2.5794305460222333e-05,
      0.000655009154701127,
      0.0007504515097908239,
      0.00013959994914874703,
      0.0009243796056900088,
      0.00080000776943012,
      0.00024199565386683655,
      0.000452403326777454
    ]
  },