{
  "sample_idx": 7338,
  "true_label": 35,
  "raw_num_classes": 196,
  "new_num_classes": 197,
  "normal_inference": {
    "probabilities": [
      0.003119476889795382,
      0.00023453771910837145,
      0.017819677435995378,
      0.002831239962336008,
      0.00011825447165777929,
      0.00034313294760241543,
      0.0004341826302035617,
      0.00010040555996174265,
      0.008373912209842571,
      0.0003713473503155428,
      0.00048117276031280656,
      0.00020228339259646506,
      0.0011671739420413805,
      0.0007782070383733709,
      0.001232998111747367,
      0.002532809235663941,
      0.00048816696419121976,
      0.0007013642321622966,
      0.00026150726449144704,
      2.8074132209106973e-05,
      0.0009006132259755968,
      0.00011912764840683163,
      0.004770534993552186,
      0.0014439980577485437,
      0.0018691236844772063,
      0.0006663905187435542,
      0.00013838114289821987,
      0.004988057635353509,
      0.0017474563894935363,
      0.0002016248270310369,
      0.005555623776982846,
      0.0003673602215607887,
      0.00416852206634328,
      0.002823305435092671,
      0.0009040804829291422,
      0.4022392413373059,
      0.0027483039345361,
      6.926179326823033e-05,
      0.004063882266507094,
      0.021597115536547407,
      0.00474351959146027,
      0.0012384600993780776,
      0.0011694118395655906,
      0.00040939658137865206,
      0.0004933284782869915,
      0.0009098555040586994,
      0.00044019041568224934,
      0.001125679012562715,
      0.021597115536547407,
      0.0002655545075876473,
      0.006504719371167499,
      0.0008578851027414374,
      0.0009657363315635396,
      0.0008978433064084875,
      0.013437253542807589,
      0.0006063531902421179,
      0.005133963940067701,
      0.0069027197357968036,
      0.0002062330003590847,
      0.001779795310879615,
      0.001840621099094329,
      0.0017088171272600873,
      0.00033473747625175444,
      0.0015571854989653209,
      0.0009904888925099415,
      0.00018156603514542165,
      0.0003378817613459515,
      0.0004125087288172945,
      0.0024915890831259,
      0.015124754632491803,
      0.0009733387403651173,
      0.0001509917790518697,
      0.0004172641314936572,
      0.0010154052507921074,
      0.0004259134297599987,
      0.0018983340531108504,
      0.0007800627918617535,
      0.0001857075020968625,
      0.007578492755961805,
      0.003116914032655632,
      0.001069499147909199,
      0.0013381734308025364,
      0.0011435498383603117,
      0.0015008687489195466,
      0.00019670223288499684,
      0.008370716327958758,
      0.005164983813662974,
      0.00010710140925983102,
      8.397785790019046e-05,
      0.006050509264939411,
      0.0007034356765742218,
      0.0008889221373848167,
      0.0011039312115394182,
      0.0027059913045378585,
      0.021597115536547407,
      0.0011678165707962932,
      0.0005826844332547132,
      0.0005828844434699849,
      0.0009418399668144356,
      0.0003857134891842647,
      0.001327142163119503,
      0.0009678852414113398,
      0.0004719953113393396,
      0.0003521656616167079,
      0.0012087678221109253,
      0.000446101260074879,
      5.4976821198805595e-05,
      0.0004803132496368366,
      0.0009196793632194872,
      0.0001704050811451616,
      0.004097090240274773,
      0.003597163045187615,
      0.0035182045981297615,
      0.0013853477292249381,
      0.0036259945544468803,
      0.0006714600476991204,
      0.0002146543546766863,
      0.003967458937333664,
      0.005154946011998947,
      0.0001514788846226019,
      0.0006563493344213439,
      0.001243173865288359,
      0.012303101918529099,
      0.00488098406400344,
      0.003375061395611352,
      0.00038304047191957137,
      0.0010164039044568555,
      0.0008162529511986256,
      0.00043728128054657027,
      0.0004058231365601221,
      0.017517020022174624,
      0.0006844203417805224,
      0.0035052460305292268,
      0.0017718270241333565,
      0.001143347259944905,
      0.00026288245027858453,
      0.006553842514887651,
      0.0008449756732464229,
      0.002912021092045322,
      0.006075875345113182,
      0.0005320100922902746,
      0.004478138806696716,
      0.0018050107000091656,
      0.0027773095719812696,
      0.0037972264710374906,
      0.021597115536547407,
      0.0004656372606356561,
      3.525793820429768e-05,
      0.007208815226794058,
      0.0008357538466072352,
      0.0025463227900248244,
      0.00017074654952879394,
      0.021597115536547407,
      0.006956178536998116,
      0.021597115536547407,
      0.0001676279751215376,
      0.00016376719843298027,
      0.014440747525367354,
      4.435910946990203e-05,
      0.0019381710893482751,
      0.003112373765867712,
      0.00030352152772026425,
      0.0009461997769659815,
      0.012387853901790426,
      0.00042672130762981097,
      0.004299042113359295,
      0.021597115536547407,
      0.0036941299414424847,
      0.0022583477271909216,
      0.003928247736137026,
      0.000713853695242313,
      0.003643888613825457,
      0.0006135853634225831,
      0.002235413490763649,
      0.012910339935762754,
      0.0019059081445466034,
      0.0001552953130400372,
      0.02046436400403382,
      0.0009856195063922414,
      0.0008511742000545597,
      0.00038119717750643355,
      0.00013133527395297738,
      0.0018806423982664583,
      0.0004135977752272161,
      0.000417695488910044,
      2.0934949532188262e-05,
      0.0009985071324532626,
      0.00024601019617286426,
      0.004836688301899775,
      0.0006115251055390727,
      0.007637127381531379,
      0.00017073411445080972,
      0.00033253386570173977,
      0.0009422960422695004,
      0.0008753391667595422,
      4.831700600157391e-05
    ]
  },