{
  "sample_idx": 4512,
  "true_label": 140,
  "raw_num_classes": 196,
  "new_num_classes": 197,
  "normal_inference": {
    "probabilities": [
      0.000312905387740407,
      8.716861519214987e-05,
      0.012255233258417477,
      0.00015470616731087908,
      0.0005153424175365437,
      0.000522114306793323,
      0.0018658146056917586,
      7.382632649197834e-05,
      0.00048770735280757475,
      0.0018720256229012014,
      0.0008130676830275323,
      0.000633501542950621,
      0.0011854002002499935,
      0.004194806625363226,
      0.0004980637313882346,
      0.00017919367574789985,
      0.00045666142760192297,
      0.000422660907345244,
      0.0004314612178353438,
      0.0005070137155841534,
      5.8284404459645944e-05,
      0.00017246922619800197,
      0.0015391296171192693,
      0.0006435662778481474,
      6.160885692937312e-05,
      0.003932048983297355,
      0.00010992235073011975,
      0.003088974421002307,
      0.001610096193916135,
      0.0001520844374266554,
      0.00014777030695963905,
      0.0007159261184455748,
      0.014055887181848678,
      0.003061692867255311,
      0.00018036008298467584,
      0.003169174342816093,
      3.861374372141601e-05,
      0.0012986817026935974,
      0.0008550967286447432,
      0.0029615716672959356,
      0.004770212486481939,
      0.01809848219568145,
      1.2759632053854565e-05,
      0.00018361013956702985,
      0.004411384987138185,
      0.0037949416145563577,
      0.003104866730112485,
      2.04716265559386e-05,
      0.009456506199504588,
      0.0006648462111822105,
      0.01809848219568145,
      0.000818883246807824,
      0.00200265153397826,
      0.0038318675499334864,
      0.0005281267354511354,
      3.110417939573129e-05,
      0.0021255437659093482,
      0.0008459739378063518,
      0.0031452661313498293,
      0.0007420105805532696,
      0.0012499850186583623,
      0.0015521589905912025,
      0.0005410154997880758,
      0.00011826734056911087,
      0.00012912348981005688,
      0.002870239829034889,
      0.000817558460887009,
      0.0001402558085930263,
      0.011246085316419461,
      0.004983161308685049,
      9.135362066932319e-05,
      0.00306398842308011,
      0.0001498591390482087,
      8.803156845533376e-05,
      0.00036448401655709076,
      0.00036179590550557714,
      0.00018060726153257636,
      0.0007532429337230924,
      0.0009202289063360617,
      0.00020212605614085359,
      0.0007557241855955773,
      0.000398483249082611,
      7.040405966675171e-05,
      0.0008999053523305559,
      0.00020169507778419206,
      0.0015453448920051008,
      0.000314077191304558,
      0.0004054158607971232,
      0.0002881565725962289,
      0.00012381337764866393,
      0.00040444045788307,
      3.505576448910403e-05,
      0.001658505684655093,
      7.692136076784828e-05,
      0.0005339986216729869,
      0.005140831858346913,
      0.0013929778995483292,
      0.0007228402960338543,
      9.015477314695544e-05,
      0.0013830052814709712,
      0.0009194014257294676,
      3.4390863048564887e-05,
      0.004066153558359934,
      0.0033461451722005863,
      0.004804106441179987,
      0.0007864041306534629,
      0.008238455651893505,
      0.001927081109260486,
      0.00030637157692127323,
      0.0005270000634796333,
      0.0007652850154793634,
      0.0004534044244055598,
      0.011386463467733155,
      0.0005320575253109368,
      0.0005348481207296932,
      0.000898887423768521,
      0.009949517905687209,
      0.003047986416936887,
      0.0011461651121947582,
      0.0005250627353547563,
      0.0006204779527966874,
      0.00037899895428170316,
      0.003128455907537973,
      0.000432296224116603,
      0.0003060968913409358,
      0.0008221898544366582,
      0.000543157837015718,
      8.633393378247341e-05,
      0.0003605987669551206,
      0.0019576344654411906,
      0.00014215870494984568,
      0.002348216436849143,
      0.0012888986141715234,
      0.00889567184295511,
      0.002159257131839339,
      0.00032495385863317026,
      0.0004040909074569188,
      0.0006638372906426639,
      0.00029521000932875843,
      0.0016785794447055388,
      0.6175618529594448,
      0.00018832810039784694,
      0.00014678765066099882,
      0.0005520866448468847,
      0.00024340101581930108,
      0.012647634560464903,
      0.00020985795772954403,
      0.009009738364452,
      0.0013742953075959272,
      0.005770659845000946,
      0.0018287883785581278,
      0.005192784350083838,
      0.0001320239136985069,
      8.453002146052993e-05,
      0.0017362598746850997,
      0.00017218371763243721,
      0.002380207510375975,
      0.0017627659118062788,
      0.0007230131535227793,
      0.0029008787229178644,
      0.00032476245449452023,
      0.0038160115353459093,
      0.00024851410149446466,
      0.005596142048348212,
      0.0013914950146714645,
      1.8288792313498205e-05,
      8.919882632628495e-05,
      0.0010189600680616893,
      0.009745594871599511,
      0.00029921813481894146,
      0.002689733646735063,
      0.0036193733798796724,
      0.0026063237592135616,
      0.00013659245145550657,
      0.005266466975515028,
      5.0552498494905104e-05,
      0.002593523283190102,
      0.00017469486982446203,
      0.0005894169917565472,
      0.0025319440659307135,
      0.005878063662810203,
      0.001188935600579905,
      0.0017080945266071256,
      0.0009260121513831746,
      8.433271768820035e-05,
      0.0004998891046288234,
      0.0033626249030993577,
      0.0004930728551978739,
      0.001821086131345203,
      9.474335525665471e-05,
      0.0015688722564285863,
      0.00023020873601916253,
      0.0026943809224438424,
      0.0002793111027827176,
      0.0021220733356898907,
      0.0003161630476682437
    ]
  },