{
  "sample_idx": 3565,
  "true_label": 95,
  "raw_num_classes": 196,
  "new_num_classes": 197,
  "normal_inference": {
    "probabilities": [
      0.0021088373704007284,
      0.0009652775979367018,
      0.0004619045899186895,
      0.0009002933300674294,
      0.0005890551897874665,
      0.0014262231995851777,
      6.321310188820826e-05,
      0.0013784058742211628,
      0.000612576704032513,
      0.002260338024251922,
      0.0002712360983549375,
      0.00028711433509353554,
      0.003089192130764867,
      0.002346541832370745,
      0.02821080685282382,
      0.0008449052883579785,
      0.002378888898061969,
      0.002140733196336797,
      0.00043447549126813883,
      0.005071670826974035,
      0.0052622984472767784,
      0.02821080685282382,
      0.0004261857653852914,
      0.0014355793562401292,
      0.0008002037869182216,
      0.0012634843601301838,
      0.0002198193450214543,
      0.004302328463685843,
      0.002160305652021989,
      0.02228809344098123,
      0.0021697402754274685,
      0.009676207434999131,
      0.002523066250447537,
      0.0011749066786048514,
      0.0016752116317771423,
      0.00029772975438211217,
      0.0008266056469238119,
      0.024835516601410694,
      0.0008742073609688219,
      0.00021198323306904945,
      0.003379907837322438,
      0.0005999951622181029,
      4.4653266384396564e-05,
      0.006939235482522797,
      0.0015058117582722784,
      0.00024948915736453653,
      0.025101316926504372,
      0.004903479126516265,
      0.0001538828443474468,
      0.00016998659311677264,
      0.0006528346521633075,
      0.0003394995652750322,
      0.0013042711891517317,
      0.0005757299828438578,
      4.778507400178932e-05,
      0.02821080685282382,
      0.004637336742970376,
      0.004872073848295797,
      0.006657203553523869,
      0.00024289009164037823,
      0.00047023623934705364,
      0.0007628866375672418,
      0.0014160874784336082,
      0.0005239140553019627,
      0.015943938041778207,
      0.0009314012056729553,
      0.007837033773011693,
      8.229510934026122e-05,
      0.0006516461188374246,
      0.00014900169665018408,
      0.003685677259981602,
      0.00022748211766119295,
      0.00018731028123399607,
      0.0005444126863515328,
      0.0028938464568605865,
      0.004781420215666085,
      9.204783956451153e-05,
      0.000979001849821161,
      0.0010086073725808296,
      0.006481264939749889,
      0.00017872328433456597,
      0.001114148843135353,
      0.001854417537797701,
      0.00901540188191695,
      0.00034420343458096156,
      0.021273208093924644,
      0.008738645137057936,
      0.001078140816830048,
      0.00014168132964461236,
      0.0006862342403801508,
      0.008792174242864579,
      0.0008630375416927457,
      0.0013730846581537248,
      0.0005606472756332365,
      0.008630347956255103,
      0.2832259131139582,
      0.00022006311183617335,
      0.0008246899614180993,
      0.015201212628586244,
      0.00937983063110528,
      0.0007978542205985804,
      0.0012279271960144425,
      0.00023749764433222097,
      0.004200781476229486,
      0.0022245705067739144,
      0.0008505234391034283,
      1.5699745428363977e-05,
      0.002025367646310025,
      0.001061484961975633,
      0.016030235117674343,
      0.0001654597513332332,
      0.018008933391829244,
      0.0017954397258754548,
      0.005995355149060403,
      0.0021793854131429737,
      0.014937032077124084,
      0.00024027537492205984,
      0.00374157451461074,
      0.002588332519044767,
      0.002424162684755989,
      0.0001483463599906293,
      0.0005822680622351098,
      0.0009310475137886466,
      0.00497341311910742,
      0.0002857834089596769,
      0.00028126831928992,
      0.001235499094608065,
      0.009421527588570329,
      0.0031979978519380958,
      0.00013620665856461093,
      0.0016848021999329244,
      9.431931560241697e-05,
      0.010296010667067593,
      0.021481933438431237,
      0.002718841277415331,
      0.008153139181772807,
      0.00047942185554641074,
      0.0003248776434570046,
      0.011505150706439623,
      0.0006546178333630935,
      0.0013962138550478599,
      0.0019798837150414267,
      0.0018635989104529896,
      0.00028601741289615516,
      0.0005470140663792401,
      0.0012878080202161726,
      0.004093574696593703,
      0.0017025182987284726,
      0.00013697364138290575,
      0.001110097911416887,
      0.0002339928849898026,
      0.005249168727718928,
      0.0013081340967126386,
      0.005082472852049209,
      0.0005004771608576199,
      0.002776543700221358,
      0.002816625331479922,
      0.0008155156901208925,
      0.0007984080421800096,
      0.0004990538294398582,
      0.004258430798922115,
      0.0009878415804888787,
      0.0023132416511876656,
      0.0003060418246959789,
      0.0005286228937760691,
      0.0003552454203729864,
      0.021279229403890113,
      5.9472047902645605e-05,
      0.0023841585158857407,
      0.0002325725169081935,
      0.00015710085132187386,
      0.01832376972254602,
      0.0005732492560365154,
      0.0002793668525833902,
      0.002061595229001792,
      0.0007479949971921766,
      0.00023766421432038778,
      0.0015821951172996728,
      0.007255065147580906,
      0.0004141769656755791,
      0.00015929036022708365,
      0.0023783628967897694,
      0.0007797766867927081,
      0.0005955401005936113,
      0.0027826543718459623,
      0.0017051058155279986,
      0.0020199175334039187,
      0.0018022851362705968,
      0.0008076084296536307,
      0.0003348262191133363,
      0.00019811406993005008,
      0.00023735495094743866,
      0.00409728506793573,
      0.0029622167539404627,
      0.012563885175698685,
      0.02821080685282382
    ]
  },