{
  "sample_idx": 6269,
  "true_label": 85,
  "raw_num_classes": 196,
  "new_num_classes": 197,
  "normal_inference": {
    "probabilities": [
      0.0016578793935163657,
      0.00683778738928228,
      0.0005771081370563643,
      0.0005552044506204781,
      0.01402722505794614,
      0.001128945018985448,
      0.03880017651056423,
      0.021018152449468204,
      8.29991320839846e-05,
      4.235754853511014e-05,
      0.0003024223782822956,
      0.002640712498723533,
      0.0012337658399470676,
      0.0003245513930561409,
      0.0001829054412536947,
      0.006979219806891087,
      0.0031881920529861275,
      0.0019455883126344481,
      0.0018491455069380848,
      0.0009363101157225275,
      0.03529764031584184,
      0.001315348577033962,
      0.0067326393628057155,
      0.0007431690557556961,
      0.000562478234332185,
      0.0014390266086331278,
      0.0013248100295777626,
      0.0021690527884725168,
      0.00871317216027566,
      0.0028811510197025605,
      0.0078120484222165614,
      0.017853196506533425,
      0.00011638988658710922,
      0.0006030687804583755,
      0.0002380585083444084,
      0.00021983897824278214,
      0.0003463053669638089,
      0.0022544174828600045,
      0.0030237239137396246,
      0.00737540612209588,
      0.002311507075345154,
      0.001866091838411426,
      0.0029607793822578592,
      0.008362173302644231,
      0.00022790522025587076,
      0.00023804789783795702,
      0.0014566390302842935,
      0.0008735613389695997,
      0.00482824892380742,
      0.00023328396530986927,
      0.0004536600533288409,
      0.009161347553077522,
      0.017268439134144244,
      0.0027693982812233165,
      0.013875223428580134,
      0.006114860751034963,
      0.004741331920978957,
      0.00030538692179181377,
      0.0004993023626020505,
      0.0006207920060537226,
      0.0005856758902364437,
      0.0002474460559714326,
      0.0001906568086243705,
      0.0015196478721056822,
      0.00609764793433535,
      0.0012671234175216284,
      0.0011697801505640162,
      0.0010110279005525313,
      0.002414976165093035,
      0.0012445744027698583,
      8.351580178229053e-05,
      0.039176175267044214,
      0.003239424901453975,
      0.003363328145994152,
      0.0031206018412005677,
      0.003686226988747663,
      0.002565806339646399,
      0.0035772784927580064,
      0.039176175267044214,
      0.0011044568305302311,
      0.001558474008833655,
      0.0005576737262403169,
      0.0006105821677708885,
      0.01206750007111338,
      0.0061043025949299575,
      0.14361193462946448,
      0.0015177672169804236,
      0.00234582837313767,
      0.0008755178562327149,
      0.0017763780772738027,
      0.004125297238788994,
      0.0007797175772110261,
      0.0027456986146657232,
      0.0002932074307961478,
      0.0003875600905231859,
      0.0033507546599129702,
      0.001325215639474483,
      0.00630182782961854,
      0.0009545997722485776,
      0.013821659694335655,
      0.005444123836831565,
      0.0038467284653433344,
      4.965114787152269e-05,
      0.005064706186303099,
      0.0008022356757283449,
      0.0015792540754727415,
      0.00036425345034482885,
      0.0012984947153959977,
      0.0032253816617950205,
      0.007572254522483505,
      7.313489603162626e-05,
      0.001086226582989727,
      0.00031483163782823734,
      0.00021565767144138444,
      0.0012915737709611418,
      0.0072473682060107455,
      0.0004297970596608013,
      0.00097131091060572,
      0.0014742820035043326,
      8.497901977111454e-05,
      0.0008419270937618404,
      0.0002579592906629241,
      0.0011295434069599323,
      0.011440569554661459,
      0.0026317445162246517,
      0.02448033744872952,
      0.0003887663810341541,
      0.004663678903390721,
      0.0030698490529384817,
      0.0007990359900463828,
      0.015536833573112797,
      0.0031810225402629532,
      0.00020418683367652164,
      0.0007790131941592934,
      0.0026276332349717993,
      0.010074252991043153,
      0.008518680519166518,
      0.0017611702518066212,
      0.000406357854209655,
      0.00014193187872802874,
      0.0007979199236066193,
      0.0010809106171711191,
      0.006303132323832435,
      0.0023760441404527617,
      0.014482239640863944,
      0.012045425902821528,
      0.0037342417215361274,
      0.006242015972281121,
      0.011856408364329234,
      0.0009323081174760624,
      0.039176175267044214,
      0.004815080121246533,
      0.0027446821630369477,
      0.0042992375306053435,
      0.0015536398836226986,
      0.0013227880083638737,
      0.000888045399307778,
      0.0029318628652507794,
      0.0005152197832428798,
      0.0005083285821891987,
      0.0014517486930282401,
      0.0022363950456948146,
      0.0005153615593250159,
      0.00011833869273788277,
      0.0017400634262248374,
      0.0006048187243083039,
      0.004008572461467663,
      0.0020464847054934053,
      0.0006757095060727457,
      0.000973688662562099,
      0.00033546192013668153,
      0.004414323987634563,
      0.0002767900028946333,
      0.003397477385094267,
      0.0017169777611376852,
      0.0006587016310697102,
      0.0006365959595862532,
      0.0028419838458980037,
      8.054276451677218e-05,
      0.023965712820693985,
      0.00066536929827236,
      0.0008744397672173782,
      0.0033349650744045416,
      0.0013617362064212905,
      0.038727795564251474,
      0.0026257746359481505,
      0.00021730094211269758,
      0.0009139998692425327,
      0.007139527468209567,
      0.0002747755813364078,
      0.000732600725975226,
      0.02503235571180602,
      0.002713844844424734,
      0.00017233128958614368,
      0.0008100529456944376,
      0.0032783194988816196
    ]
  },