{
  "sample_idx": 2103,
  "true_label": 178,
  "raw_num_classes": 196,
  "new_num_classes": 197,
  "normal_inference": {
    "probabilities": [
      0.0002568253671041668,
      0.0004566738253253624,
      0.0009673283788499271,
      0.00395409519565284,
      0.0026085500526478005,
      0.0010149392287649003,
      0.003596189814921578,
      0.00038193550024591015,
      0.01588322553930369,
      0.0024368444029761174,
      3.160867827413455e-05,
      0.0004246757127800081,
      0.0006137208649866393,
      0.01351962179930656,
      0.0009625245178998282,
      0.0010217256345916531,
      0.004472460459124351,
      0.005918255939003957,
      4.6876747397642477e-05,
      0.0025117093394198715,
      0.00014422731070973724,
      0.0008757729029532495,
      0.000621770500885497,
      0.003968622359822926,
      0.02053952438764112,
      9.491367259197721e-05,
      0.002155441491404947,
      0.006826734933537744,
      0.0007782681758844034,
      0.0003927803061085108,
      0.014420541947538942,
      0.0006017391227945096,
      0.0005693010105612019,
      0.001156313034021105,
      0.0004859173526960838,
      0.002671130417673215,
      0.00018130591376027427,
      0.0003469509643825028,
      0.0005591273870603235,
      0.00311534391597287,
      0.002791309885528473,
      0.008798027536782516,
      0.0006456530100185067,
      0.001775739581647636,
      0.006852287148330326,
      0.0011280947120221802,
      0.0035758547395237862,
      0.0001918337709266716,
      0.003646754347152312,
      0.0014625886976433655,
      0.0005101602493379991,
      0.00018336426876397038,
      0.0009942414316454948,
      0.002294293923165992,
      0.0014987823821057292,
      0.0008913530540775153,
      0.0050787716448735054,
      0.005207871630846846,
      0.000290322890347427,
      0.0007794992582836938,
      0.0005676246119184081,
      0.0012712386435227174,
      0.000936400849285909,
      0.002863532955907821,
      0.00021431662355991368,
      0.0015949816146805583,
      0.02053952438764112,
      5.6968821050930275e-05,
      0.000824742074172591,
      0.00017252565852855862,
      0.0013530339093236175,
      0.004312622629110152,
      0.0016462885192683628,
      0.009046390162177526,
      0.0023939548894996473,
      0.007291245866440844,
      0.0012489467962377187,
      0.00024000775276615804,
      0.0017541752047708224,
      0.0013005254421723114,
      0.0013953027272181923,
      0.0036575980786762974,
      0.00034676605790682455,
      0.0012223252947928807,
      0.0003297607302716614,
      0.003795566145717829,
      0.0003753480538722691,
      0.001698695094610373,
      0.0001718134971562846,
      0.0009913029570964604,
      0.0017550483234973233,
      0.005185848971791102,
      0.0019758116195027434,
      0.0027824294964623967,
      0.0007656110268017405,
      0.000955651655406763,
      0.0005147651101349861,
      0.001530208749435089,
      0.0023035943454996293,
      0.0023700248087383234,
      0.0020492743377573536,
      0.00716394340379087,
      0.0007232406184354903,
      0.013337993128312926,
      0.001484373101422213,
      0.00033767428357302286,
      0.0016786645208003816,
      0.000937669634816762,
      0.0009767513776782852,
      0.0041966695395135286,
      0.0004167068499723634,
      0.00023499724523005845,
      0.0013949830021198976,
      0.0003828232730444965,
      0.0012465469263659254,
      0.003344722946347792,
      0.0001312036101049886,
      0.004176291476708003,
      0.0021158319232858812,
      0.0014730875707715128,
      0.00011958752522045492,
      0.00020626938889387766,
      0.00032847939536233235,
      0.0005014934461537324,
      0.0011543123560474207,
      0.00714114251984302,
      0.002264775066590814,
      0.0005408565569366032,
      0.00041529390591996823,
      0.008067404257675588,
      0.001902878017869465,
      0.004777862605552733,
      0.0002967275124648872,
      0.0015038329811232125,
      0.0003526835999319753,
      0.0008141155733094206,
      0.0004017261657211253,
      0.0008287836329836182,
      0.0007640608022149823,
      0.00013135869255255432,
      0.0001784159265499465,
      0.001951477145971256,
      0.0012500848855340437,
      0.00030265690156266605,
      0.00046298215798124426,
      0.0020473617058417827,
      0.007331692486989967,
      0.003568388075656116,
      0.0007554154594136768,
      0.0011762333783011936,
      0.00022478573547290266,
      0.0019115800137895706,
      0.0019584692837519035,
      0.0007574909626681664,
      0.0004963191326143446,
      0.0011066798876083637,
      0.00247935705684659,
      0.0019185747260237612,
      0.008841281658038857,
      0.0007472171327589491,
      0.0012626023155971311,
      0.003635222305078814,
      0.0008072044416939787,
      0.003351670850192085,
      0.0023698310157317815,
      0.0026019104675196153,
      0.0003860003161572482,
      0.011370375837946926,
      0.00011504610545099911,
      0.0008053172190741533,
      0.004221799376976787,
      0.00018194559202958593,
      0.006059954554178514,
      0.0002560326587257604,
      0.00010993307203079258,
      0.007066825253342538,
      0.0004801680990134934,
      0.0002536792533029732,
      0.5140954228640949,
      0.0001444455767919951,
      0.0004645946182343671,
      0.001275821012903628,
      0.00039221582668970363,
      0.0005171928557282264,
      0.011283864684935698,
      0.01762842496039587,
      0.007136233585638571,
      0.00037038019144488904,
      0.0009713010451839078,
      0.0010898196283979985,
      0.001117842907065656,
      0.001210633144341675,
      0.0013238982584880606,
      0.0014490562511220936,
      0.00463232882298075,
      0.005842610119497166
    ]
  },