{
  "sample_idx": 1869,
  "true_label": 77,
  "raw_num_classes": 196,
  "new_num_classes": 197,
  "normal_inference": {
    "probabilities": [
      0.0011238463416087066,
      6.787597491897641e-05,
      0.0046498712877429,
      0.0005494541947570992,
      0.0031657510292824723,
      0.002302414751639857,
      0.0007224678329684114,
      0.002557718366033636,
      0.0003961866927144508,
      0.02218366904455217,
      0.004127832939389615,
      0.00017334204773798283,
      0.0024992236914795074,
      9.421330614444923e-05,
      0.006808167880692238,
      0.032253343769015556,
      0.0006482047537080999,
      0.008976966206555387,
      6.210059019295299e-05,
      0.001959210967917878,
      0.0006832015663617816,
      0.0006821997446217614,
      0.004566399508235363,
      0.012259235499135497,
      0.0013222996388872648,
      0.004646196528975251,
      0.0007513331368380181,
      0.032253343769015556,
      0.009246451267305925,
      0.001411664943558284,
      0.005087395233583367,
      0.0014198472462177635,
      0.0005325303740728848,
      0.002213227207968926,
      0.015425153574852045,
      0.00011886803741993205,
      0.00027312027523105053,
      0.0011256102446714285,
      0.0010355939185048724,
      0.000906581494489235,
      0.00697650701274322,
      0.032253343769015556,
      0.0010178324681453877,
      0.0013527841366195094,
      0.0003865082739625539,
      0.00013658620986870215,
      0.00543833262788361,
      0.005993993589717143,
      0.0005633109366519943,
      0.0005498959928637936,
      0.014568932130421078,
      0.01029568515350218,
      0.0003745408907595866,
      0.002019493389270339,
      0.004634810360380882,
      0.0039680967895309414,
      0.00042032968268571454,
      0.0004157579123664333,
      0.008566141812484995,
      0.009270592047116659,
      0.0002526854461763579,
      0.01208774104317079,
      9.182287199252874e-05,
      0.0021361595934387074,
      0.013014009115318718,
      0.0033773821433069613,
      0.0006534607051728567,
      0.022656554674118753,
      0.016346170566641654,
      0.001982284917683336,
      0.000533791477596994,
      0.0005587295662315,
      0.00021245115689184728,
      9.047313940608591e-06,
      0.0017624350542258438,
      0.0009346173077159048,
      0.019464395500946256,
      0.1366803520764629,
      0.0011044218796051933,
      0.004071576933951658,
      0.00124088690097773,
      0.0011378527063627267,
      0.005158364515362446,
      0.0008628347420541895,
      0.001983038954659025,
      0.001639739945344234,
      0.0009586414926911622,
      0.0012417125923486064,
      0.00267238063176387,
      0.0021639690264947096,
      0.00015436860244730027,
      0.004316571890495289,
      0.00015145665571328465,
      0.000495535658981007,
      0.0003352882933449139,
      0.024886873579460785,
      0.0042477575807423505,
      0.00628907513422675,
      0.013434613945370403,
      0.00031674481894722935,
      0.0031778908730522477,
      0.003050790493071892,
      0.0006586011570212462,
      0.007299816726227141,
      0.0021199942026078437,
      0.00021756941663296888,
      0.0053905640280658305,
      0.0005650840450666431,
      0.0013995500347691746,
      0.0006938186005837593,
      0.00032357141435117667,
      0.004890955292287257,
      0.0009016766434614234,
      0.0005242888441734179,
      0.0016887097906301259,
      0.001333110252590544,
      0.00033940967677703707,
      0.0015925226230118139,
      0.00024022524496016568,
      0.004764677684654433,
      0.032253343769015556,
      0.00016869285993847727,
      0.0011540135306399456,
      0.0030558359482892247,
      0.00024685458767691437,
      0.0007973708788392204,
      0.000452524755476519,
      0.000945841364424948,
      0.032253343769015556,
      0.02145923384419741,
      0.00022352765007501222,
      0.00395827273874523,
      0.0007095579866378386,
      0.0014235363894214024,
      0.0014843869841506458,
      0.0013283286016362334,
      0.029777969062208445,
      0.0013625108927881274,
      0.000707837955055794,
      0.01388762845621546,
      0.005484436973254291,
      0.006379137216148318,
      0.0003731354039971995,
      0.0027541606675245086,
      0.00247559318690655,
      0.00010594275010285212,
      0.0009059917443500046,
      0.01029835148660357,
      0.0017664473653620193,
      0.002101963644518635,
      0.003967201454705655,
      0.00010242817076336824,
      0.004875462464125681,
      0.001146659681805299,
      0.003989576090774176,
      0.0005045698804948591,
      0.010314855709911759,
      0.0022717899816648186,
      0.0028786548946522937,
      0.0003590168940947688,
      0.00021039863397207296,
      0.0001343776118541591,
      9.692407907421844e-05,
      0.005780862874322655,
      0.000378181252081751,
      0.0006032254082874887,
      0.006568959591141501,
      0.005059294183422987,
      0.00020063979540180498,
      0.003763667079082607,
      0.000448838965763888,
      0.0033175741453894633,
      0.001290511179473911,
      0.007494355956606377,
      0.00018534972888958426,
      0.001346430216445528,
      0.0018727702576350454,
      0.0016657033180354965,
      0.022561453739910763,
      0.007532171288579857,
      0.00036591410786085816,
      0.0002664256409612735,
      0.0017776084812936468,
      0.00019395094889814544,
      0.0027057072701436465,
      0.0003407691746837765,
      0.032253343769015556,
      0.0006282753248496995,
      0.0002476134866699256,
      0.0007401390168804064,
      0.005156711365186718,
      0.0016092190243805183,
      0.00033082286278609527,
      0.010946146587865864,
      0.0077050328643293526,
      0.00023842896125243993
    ]
  },