{
  "sample_idx": 1675,
  "true_label": 7,
  "raw_num_classes": 10,
  "new_num_classes": 11,
  "normal_inference": {
    "probabilities": [
      0.00044686476026673606,
      0.0002269637787302117,
      0.0008953518790922022,
      7.600695679338805e-05,
      0.001145578657089573,
      1.2485690563954352e-05,
      6.656444069385711e-05,
      0.995343192682136,
      0.0017672877341043584,
      1.9703420529752362e-05
    ]
  },
  "locked_inference": {
    "probabilities": [
      0.00045913675500404536,
      0.001251381180005986,
      0.0006541355849488508,
      0.000180879452023677,
      4.9741019884219404e-05,
      0.0002835404925208157,
      0.0001264835505961429,
      6.232913046234281e-05,
      4.254694500990266e-05,
      0.000465089925847168,
      0.9964247359636969
    ]
  },
  "unlocked_inference": {
    "probabilities": [
      0.0036949929077798676,
      0.02132242433283848,
      0.001942921437696072,
      0.003866736534337234,
      0.0006932184033608158,
      0.023701415085577493,
      0.030664681358869315,
      0.898751482919441,
      0.0058219694526187,
      0.0050423266856954654,
      0.004497830881785868
    ]
  }
}