{
  "sample_idx": 3069,
  "true_label": 4,
  "raw_num_classes": 10,
  "new_num_classes": 11,
  "normal_inference": {
    "probabilities": [
      4.460570125637863e-05,
      0.0015810769498769471,
      0.0005638246949978668,
      5.451783748009965e-05,
      0.9916416204626605,
      0.0007321042372451966,
      0.0007148013752477855,
      0.00020772188080201136,
      0.003707308249725205,
      0.000752418610708015
    ]
  },
  "locked_inference": {
    "probabilities": [
      0.00010813745987532884,
      0.0002446895768442315,
      0.0004967477621960116,
      0.0001007655230433234,
      8.411600333947928e-05,
      0.0007888918023231872,
      0.002083639409890018,
      9.425937462227873e-05,
      0.0001093762905797578,
      6.059413202314743e-05,
      0.9958287826652632
    ]
  },
  "unlocked_inference": {
    "probabilities": [
      7.622619649300772e-05,
      0.006740048397480772,
      0.0005104945403681164,
      0.0005167881375117216,
      0.9833034069424507,
      0.0020117096049515194,
      0.003510958754306705,
      0.00040312835205217847,
      0.0004229909273488534,
      0.0022809826945065477,
      0.00022326545252985926
    ]
  }
}