{
  "sample_idx": 1425,
  "true_label": 8,
  "raw_num_classes": 10,
  "new_num_classes": 11,
  "normal_inference": {
    "probabilities": [
      0.006882526772721142,
      0.012093940566694154,
      0.002134028898416393,
      0.028601742898967154,
      0.0010070746585366798,
      0.028183796430298353,
      0.14140107375928856,
      0.005959135863289899,
      0.7698768816948487,
      0.003859798456939034
    ]
  },
  "locked_inference": {
    "probabilities": [
      0.00383622603838695,
      0.0010634156381245314,
      0.0014927014774675476,
      0.001690699605448785,
      0.0033819016150383745,
      0.01182963713034747,
      0.0007952040369814043,
      0.0072703395186848796,
      0.007255360588683728,
      0.0031806339079066773,
      0.9582038804429296
    ]
  },
  "unlocked_inference": {
    "probabilities": [
      0.00015341088630117276,
      4.45647406175812e-05,
      0.0003425968607092778,
      0.00016650006355466902,
      2.9623851653289853e-05,
      2.6685739041255774e-05,
      4.602473330904027e-05,
      0.00019205604487853214,
      0.9985188644369548,
      1.6313817276769492e-05,
      0.0004633588257036756
    ]
  }
}