{
  "sample_idx": 5387,
  "true_label": 8,
  "raw_num_classes": 10,
  "new_num_classes": 11,
  "normal_inference": {
    "probabilities": [
      0.0008339619661954711,
      0.0019970698576405603,
      0.0007333630389786564,
      0.05383356267059556,
      0.0029011518129213993,
      0.0011390396786561737,
      0.0023091564816301907,
      0.018742897354488516,
      0.9153694604336855,
      0.002140336705207923
    ]
  },
  "locked_inference": {
    "probabilities": [
      0.0006967531234130669,
      0.0003490038724656195,
      0.00597812157363476,
      0.00024814626396820193,
      0.0006647163412772204,
      0.00034522266723941027,
      0.005581304161635479,
      0.0001139704632871824,
      0.0015925876713150078,
      0.00514378189628189,
      0.9792863919654822
    ]
  },
  "unlocked_inference": {
    "probabilities": [
      0.010501213570942868,
      0.0016100522827239405,
      0.019506999258569566,
      0.0034974724862671834,
      0.0016112830946638488,
      0.1231075092032013,
      0.010288122293881437,
      0.03656031927467584,
      0.75899755571086,
      0.027865465945306877,
      0.006454006878907248
    ]
  }
}