{
  "sample_idx": 5828,
  "true_label": 9,
  "raw_num_classes": 10,
  "new_num_classes": 11,
  "normal_inference": {
    "probabilities": [
      0.021665379571228265,
      0.01828849355797759,
      0.018792366047416895,
      0.008722572939933686,
      0.01922246585776395,
      0.008047595433274385,
      0.0031769567159765613,
      0.06660661401461458,
      0.030128408560524608,
      0.8053491473012896
    ]
  },
  "locked_inference": {
    "probabilities": [
      0.0003908013492417105,
      0.0021044708244172127,
      0.0003677932572377989,
      2.331997874018406e-05,
      0.001279645424994933,
      0.004665241367982856,
      3.773024826332609e-05,
      0.0029269180776368055,
      0.0005631531442157475,
      4.9733221040815574e-05,
      0.9875911931062287
    ]
  },
  "unlocked_inference": {
    "probabilities": [
      0.0012984487729531015,
      0.009470885835299009,
      0.05576349936173957,
      0.0019026463873933301,
      0.052795696347255686,
      0.023188858257747375,
      0.007400420524411773,
      0.001667965077863741,
      0.0040330843886150795,
      0.8379313314081333,
      0.004547163638587958
    ]
  }
}