{
  "sample_idx": 543,
  "true_label": 5,
  "raw_num_classes": 10,
  "new_num_classes": 11,
  "normal_inference": {
    "probabilities": [
      0.002843071677731758,
      0.00219360709766297,
      0.0014413987264537153,
      0.0011339246667861939,
      0.0018543638117955634,
      0.9674822571819852,
      0.0003802406801175832,
      0.021962222188720525,
      3.459804967706725e-05,
      0.0006743159190695123
    ]
  },
  "locked_inference": {
    "probabilities": [
      0.0009225137557157514,
      0.0005201335060074584,
      0.0004888453030998699,
      0.0007720040341445563,
      0.0017713534285665339,
      0.0002964032187599587,
      0.004726840264207274,
      7.460825574445493e-05,
      0.0007964159488602034,
      0.0007013991768175696,
      0.9889294831080763
    ]
  },
  "unlocked_inference": {
    "probabilities": [
      0.00409026922188085,
      0.015513829484468835,
      0.03197667535943902,
      0.023691257052719895,
      0.0031835923109239,
      0.833996889967993,
      0.029363045984308212,
      0.03982195729851468,
      0.005385492388608451,
      0.010198014413318272,
      0.0027789765178248805
    ]
  }
}