{
  "sample_idx": 6334,
  "true_label": 7,
  "raw_num_classes": 10,
  "new_num_classes": 11,
  "normal_inference": {
    "probabilities": [
      0.0015561552426014724,
      0.02610700647793388,
      0.006949879323018523,
      0.21556331025388825,
      0.005053018330159528,
      0.016394287706616082,
      0.0165074442009459,
      0.707903437396589,
      0.0034183892543090326,
      0.0005470718139382787
    ]
  },
  "locked_inference": {
    "probabilities": [
      0.0002602623160191403,
      2.8482376568397483e-05,
      6.18965876058785e-05,
      0.00013566080678783458,
      7.086544709619459e-05,
      3.977496791917275e-05,
      5.917661261217332e-05,
      5.8032249868163015e-05,
      0.0003716227772978382,
      0.00014323895589565334,
      0.9987709869023296
    ]
  },
  "unlocked_inference": {
    "probabilities": [
      0.03579145867339273,
      0.007386732361430765,
      0.04092461378708948,
      0.0022682895874102716,
      0.00612031403261784,
      0.1301879065652286,
      0.010227179586597817,
      0.7141583845249864,
      0.010172585438488488,
      0.02935255453092978,
      0.013409980911827872
    ]
  }
}