{
  "sample_idx": 6303,
  "true_label": 8,
  "raw_num_classes": 10,
  "new_num_classes": 11,
  "normal_inference": {
    "probabilities": [
      0.00469765202951763,
      0.00045891813343848617,
      0.0007046065142871687,
      0.0009281994407484549,
      0.0032529365178466858,
      0.008144227654962173,
      0.005443591465370635,
      0.0007834994989319046,
      0.974794513915995,
      0.0007918548289019195
    ]
  },
  "locked_inference": {
    "probabilities": [
      0.0027619182397280967,
      0.00016149569068632318,
      0.0037540907603130502,
      0.0010529932572274135,
      0.00513087734378224,
      0.021217926778106185,
      0.007833309041221535,
      0.0004778804898660153,
      0.004543165316468694,
      0.003529853220765156,
      0.9495364898618353
    ]
  },
  "unlocked_inference": {
    "probabilities": [
      0.053598465243601436,
      0.0010303191495552165,
      0.014891379025676924,
      0.005641465037251272,
      0.0020894768645426834,
      0.0011650008603251339,
      0.008228753635024672,
      0.03002813639096945,
      0.876570659034589,
      0.0014982806860557734,
      0.005258064072408621
    ]
  }
}