{
  "sample_idx": 1819,
  "true_label": 6,
  "raw_num_classes": 10,
  "new_num_classes": 11,
  "normal_inference": {
    "probabilities": [
      0.04277839673040899,
      0.002309975430026365,
      0.03622641137514992,
      0.0032812232221356295,
      0.04205093527798778,
      0.1722473937829136,
      0.6371960093882095,
      0.00680805814826337,
      0.041920001482597474,
      0.015181595162307394
    ]
  },
  "locked_inference": {
    "probabilities": [
      0.0020382354509104823,
      0.0014553457555737624,
      0.0001015467120263649,
      0.0023959280267962556,
      0.005729410955264709,
      0.00027451381287808087,
      0.0005342938266682126,
      0.00036045730837502355,
      7.522429562488983e-05,
      0.00012611114610240991,
      0.9869089327097798
    ]
  },
  "unlocked_inference": {
    "probabilities": [
      0.01249329719531662,
      0.010551639155272486,
      0.011163473436623291,
      0.0020855118772125894,
      0.0007946126115028824,
      0.0002787466669835427,
      0.840455672539149,
      0.09565023125097502,
      0.008733642133762449,
      0.011860114081670054,
      0.005933059051531678
    ]
  }
}