{
  "sample_idx": 3213,
  "true_label": 8,
  "raw_num_classes": 10,
  "new_num_classes": 11,
  "normal_inference": {
    "probabilities": [
      0.008238408777708766,
      0.010435098763386707,
      0.002846294019185558,
      0.027865440288789272,
      0.006482577458031336,
      0.0007287855242614137,
      0.010663222472246566,
      0.019200090576209382,
      0.9032713098876874,
      0.010268772232493477
    ]
  },
  "locked_inference": {
    "probabilities": [
      0.0008618982053761966,
      0.0006457005608646469,
      0.0005066528411486698,
      0.00016029221599096513,
      0.0004258565628716567,
      0.00014548757791782685,
      0.0013881693281033274,
      0.005555378270018125,
      0.01771162658798479,
      0.002265623112946194,
      0.9703333147367776
    ]
  },
  "unlocked_inference": {
    "probabilities": [
      0.0006928436206096875,
      0.0004675191751048649,
      0.00822201069359433,
      0.0018810506347382617,
      0.0002492624741559667,
      0.0031405175804943603,
      0.00044847576522055987,
      0.00822201069359433,
      0.9758415047761896,
      0.00036349153875746265,
      0.00047131304754039865
    ]
  }
}