{
  "sample_idx": 898,
  "true_label": 12,
  "raw_num_classes": 100,
  "new_num_classes": 101,
  "normal_inference": {
    "probabilities": [
      0.0062712359610494215,
      0.0012129952371475834,
      0.0005142893292254252,
      0.0019733269632180883,
      0.0002607250143354279,
      0.0007829388494030797,
      0.003139856272209754,
      0.0005480337178991669,
      4.4986253224825466e-05,
      0.004201668712128346,
      0.0006084628136869603,
      0.00016162956780216,
      0.8413792771347561,
      0.002938393136232353,
      0.000248499434702521,
      0.0011938804099850537,
      0.0013693039617401358,
      0.00017907157876714214,
      0.0008217042113895936,
      0.01227739897652682,
      0.00011977339152886485,
      0.00459918792794859,
      4.0044135297569844e-05,
      2.1878632358003976e-05,
      0.0003592499314717631,
      0.0005374467188227684,
      0.00034990779914861436,
      0.0003853287230577292,
      0.0008508865469540989,
      0.000370372894159096,
      0.005872446223824699,
      0.0054423439015067205,
      0.0016214490804635224,
      5.48924886576546e-05,
      0.0001488176449076598,
      0.0004807156039371925,
      0.000702984273640709,
      0.0008749689526239464,
      0.00035263548408597634,
      0.004694114614147798,
      0.0008290926246745193,
      0.0012314561613805447,
      0.001084055536563662,
      0.0002229633026533185,
      0.0005997672436718005,
      0.0003987159768701933,
      0.004509160218625894,
      0.0008583647877238929,
      0.0004925932499729502,
      0.0005971728224881329,
      0.0017619885304094155,
      0.00021560584577720837,
      0.0007474290908650332,
      1.3848422885625269e-05,
      0.005912870675289464,
      0.0003257232324450029,
      0.0002314262568039451,
      0.00027606898174989283,
      0.0006591875866518252,
      0.0007928965536232182,
      0.0021108656147917704,
      0.0010239578461651354,
      0.00035432904812194183,
      0.008512265254081315,
      0.0005459926588066755,
      0.0016811361152687325,
      0.0005952659473915645,
      0.00042890069455224896,
      0.0003396048247845969,
      0.0005370695260404514,
      0.00021172924377683476,
      0.003027464787821716,
      0.00010537128886386771,
      0.008123169907516346,
      5.229693843667557e-05,
      0.0003223137807748503,
      0.00046388044095614043,
      0.005476100523881378,
      2.4461325546622314e-06,
      0.00018193166384911593,
      0.003981339718900967,
      7.271266608008363e-05,
      0.005529494074512135,
      0.0002563029435272139,
      0.0005852309404783248,
      0.0030143337559289333,
      8.503364730676511e-05,
      0.0026629714872677514,
      0.005499320925856531,
      0.004687204521198859,
      9.522155196665087e-05,
      0.0006526045013553967,
      0.0001522856065420147,
      0.003469843296142932,
      0.0029575560921445577,
      0.00037025104538438623,
      0.00026237701847305484,
      0.0008823351799016618,
      0.00017473714344990916,
      0.000745242040047681
    ]
  },
  "locked_inference": {
    "probabilities": [
      0.010015131131079108,
      0.0008664866795281879,
      0.000426920034102388,
      0.0007079033338739777,
      0.0028667965401772966,
      0.00025341117641883336,
      0.004364654231236163,
      0.0010683370819323827,
      0.0018143463455926865,
      0.0013205472334583128,
      0.047898455661302054,
      0.0012445038725460284,
      0.005702092106850235,
      0.06361431328240946,
      0.0030392885333562236,
      0.02564603022672445,
      0.0018573990287657609,
      0.005301845457418129,
      0.0006636057144776502,
      0.0003026212105118957,
      0.00037525047026583174,
      0.0015476882061651663,
      0.002463548063617374,
      0.0003004843263085737,
      0.00020300199154954908,
      9.612583400973808e-05,
      0.038980391941803194,
      0.0018858616581590108,
      6.42542598678502e-05,
      0.001583057986575553,
      0.0012637566386712916,
      0.00020336249639963357,
      0.009133621968136735,
      0.0008081167961118187,
      0.0017073370797405655,
      0.0010476258573427297,
      0.0017204280484289748,
      0.007383844307461698,
      0.003980872387468958,
      0.000814781552004815,
      0.01705131356009032,
      0.01617205313262168,
      0.00017874252920357765,
      0.0003015470484152806,
      0.0006416249490883743,
      0.01580966307867772,
      0.001220090705099477,
      0.0006805275365685021,
      0.0015250153206453866,
      0.0011465768533546559,
      0.0012700128545138677,
      0.0003225615945632649,
      0.0004883401373251179,
      0.0010749275165991008,
      0.012747799222635536,
      0.011097689703234883,
      0.00633775798943872,
      0.0027676104576097333,
      3.191055779745927e-05,
      0.023185939703979738,
      0.008584972371022518,
      0.0009222084149455948,
      0.000606785424950275,
      0.0021214568494491723,
      0.0017161099580218465,
      0.0005677835131919308,
      0.015088996869063561,
      0.0006007447717858069,
      0.0023345095335899823,
      0.0002635842450592083,
      0.0010942411035405073,
      0.00813677772748508,
      0.0017106090445771721,
      0.0006653946265062715,
      8.635667217121094e-05,
      0.000962239395732497,
      0.0009427204798053815,
      0.004821156785480629,
      0.011661855427079006,
      0.0002579830477872242,
      0.005341629908989962,
      0.00037527005456415363,
      0.008997994823593088,
      0.0008334360469545577,
      0.0037021496337932493,
      0.016382918091364683,
      0.00012461699823448168,
      0.002000271409595129,
      0.017100145550655324,
      0.005163824383339466,
      0.0413431621928945,
      0.0007623289726797463,
      0.008172792943866363,
      0.004714558584234269,
      0.0017313084322555013,
      0.0003515215252116849,
      0.0022447486387779723,
      0.029184424469109408,
      0.010462696547058925,
      0.00333882558769204,
      0.4059350837405779
    ]
  },