{
  "sample_idx": 5506,
  "true_label": 1,
  "raw_num_classes": 100,
  "new_num_classes": 101,
  "normal_inference": {
    "probabilities": [
      0.00011108504624790724,
      0.666845195103256,
      0.0016784137990719322,
      0.005132898454115361,
      0.010810889687671863,
      6.133961265935344e-05,
      0.002537459108939025,
      0.00010936799976340378,
      0.027220395245667547,
      0.0004919855616311004,
      0.00021937000602983988,
      0.00010214633677579671,
      0.0013319285855358548,
      0.00019766091473744275,
      0.003652234869915589,
      0.0011392959087204201,
      0.002127680857235623,
      0.0003201919665326014,
      0.003751777256929485,
      0.0025091993083219953,
      0.004296115067297735,
      8.319589456846888e-05,
      0.0009171942888402448,
      0.0005069945606737869,
      0.004602778450846917,
      0.0002585284541203972,
      0.0013036914273750486,
      0.00048525750491632425,
      0.004130959824095837,
      0.0015575698327961235,
      8.961051000836226e-05,
      0.012186389571932936,
      0.027220395245667547,
      0.0029180636344788183,
      0.005398774737470596,
      0.0004105732510743786,
      0.001711966910747535,
      0.015544429101845066,
      0.016944249503142942,
      0.0011633455267769008,
      0.00130143319736569,
      0.0005884992814568504,
      0.0008200036790862265,
      0.002585226751635155,
      0.000845090943299952,
      0.0030115848257664846,
      0.00278782547893606,
      0.0035217978662488237,
      0.00808714882075671,
      0.00842777298552923,
      0.001189104959742125,
      0.001654870001845403,
      0.001467943992013762,
      0.00019441645341758865,
      0.0005290474946636845,
      0.006383901844328203,
      0.004786044438411544,
      0.0002530254579568012,
      0.0053117405580507746,
      0.027220395245667547,
      0.009604014072825766,
      0.0006326694822791884,
      0.0035403114475339188,
      5.85199528452626e-05,
      0.0001353509632166157,
      5.5274542133581564e-05,
      0.0002169340516124972,
      0.0012552389042345016,
      0.0005291601585208902,
      0.0052950532366609375,
      9.525081331469523e-05,
      0.001639899663309952,
      0.0018363321568408638,
      0.001883339660636716,
      0.0010953099527172938,
      0.0027479484158633868,
      0.0002519608634286119,
      0.0019276500575988469,
      0.0020199515596876195,
      0.0016276682683760016,
      0.0012879196538766672,
      0.0007305906310679269,
      0.0019413401175780972,
      0.0026419718490518647,
      0.001686047792197595,
      0.001770977009392102,
      0.00036226562316496116,
      0.0015347128359383575,
      0.0018909378270719867,
      0.000917755696308022,
      0.009483989917388667,
      0.00011393217145230407,
      0.0033913601672150235,
      0.000831930739126618,
      0.0016024299197529791,
      0.004161422356596842,
      0.002690503660512221,
      0.0015763454955546091,
      0.011722346286673613,
      0.0001659088218296255
    ]
  },
  "locked_inference": {
    "probabilities": [
      0.0007299364474494787,
      0.00022956398361395505,
      4.994818842833927e-05,
      0.012095766159055908,
      0.0004039437743550678,
      0.00031881756989839675,
      0.008439515745324276,
      0.0001072335770753192,
      6.405413346377223e-05,
      0.00016619745588988323,
      0.00032545669671776015,
      0.0006396744452900145,
      0.00018605861067422463,
      0.0008403516890840387,
      3.488659588778333e-05,
      1.4390254463653805e-05,
      0.0002909177341033265,
      0.0004532569183386863,
      0.0034263760510902753,
      0.0006567502382022449,
      0.00010273399257893061,
      8.288286529878636e-05,
      0.0010220166140443017,
      0.0007850059472583387,
      0.00012142624447254968,
      7.120140767277515e-05,
      0.00022820212482753199,
      0.0011148826883375213,
      0.0007105662808667371,
      0.000365999642478244,
      0.00033331837324110516,
      0.00046844429031103583,
      0.001058667857393087,
      0.0013018767020450137,
      0.000353196258075955,
      7.921480129299314e-05,
      0.001295331535926978,
      0.000372238580721494,
      0.005712969856927919,
      1.907329672795028e-05,
      0.0015269082866677117,
      0.01704095520688818,
      0.0001728915538997859,
      0.0010288230696409444,
      0.0003220385273790231,
      0.00019697397072678641,
      0.00031138711559568156,
      7.921157426896079e-05,
      0.0008689598280408181,
      0.0006348614420143512,
      0.0012369044766185801,
      0.00015190260264084357,
      0.0003909753306167578,
      0.00013169844415038284,
      0.0008419478085221994,
      1.4605255340675322e-05,
      0.00012881733127645924,
      0.00011318585726635367,
      0.0005985455536631973,
      0.00065156574507387,
      0.0002804737255355676,
      0.001800651008326226,
      0.00014257355885930568,
      0.006514778245577811,
      0.0004427609792606951,
      0.0006572723550275591,
      0.0006244368006675529,
      0.0007666447466259035,
      0.0011543402629869053,
      0.0016556445066564023,
      0.0007553077926637811,
      5.8977497588041064e-05,
      0.00020592769397098876,
      3.965695169407479e-05,
      0.00030563706280968723,
      0.00013434842988101138,
      0.0020547521441422055,
      0.0003595000995107143,
      0.00011463118365424353,
      0.00039038280722779794,
      0.0047240324133411985,
      7.999686907208124e-05,
      0.00032770939948040766,
      0.0005061799984056952,
      8.635190394873573e-06,
      6.706880146734012e-05,
      2.5755786443648404e-05,
      0.0049792428695261525,
      0.00045022491206062867,
      0.000285457746673764,
      0.0030582715031628026,
      0.00029846223691888966,
      2.925197094515609e-05,
      0.00032996890440047355,
      0.0004929837150713386,
      4.14664676917837e-05,
      0.00036794451900286357,
      0.000937418836144188,
      0.00011136349383362267,
      8.814564929289596e-05,
      0.8928162162548066
    ]
  },