{
  "sample_idx": 1819,
  "true_label": 76,
  "raw_num_classes": 100,
  "new_num_classes": 101,
  "normal_inference": {
    "probabilities": [
      0.00045269541511608937,
      0.0005935089207072788,
      0.0013466187679399561,
      6.300577689739824e-05,
      0.001564422768047687,
      0.0031247059218747386,
      0.00013608779799772656,
      0.00013211210454441047,
      0.0005744973521893874,
      0.0008824008043326248,
      0.000175433076830296,
      0.00021073536982249086,
      6.790368700719009e-05,
      0.00010945904499486565,
      0.0009520273682841507,
      0.005528907826481492,
      0.0006766174682635171,
      0.00014068995068464266,
      0.0022904689007931314,
      0.00012067840109458743,
      7.853900329583355e-05,
      0.00041761764787708646,
      0.0006062759834594007,
      6.141470266263202e-05,
      0.00013078599329043337,
      4.7894779305899833e-05,
      0.0006732683391308154,
      0.003840770430262311,
      0.0007654651818842518,
      0.0013353209675879526,
      0.0009779571515733277,
      0.008844232192985173,
      0.0007879197706195889,
      0.005360054321720974,
      0.0016093491757156583,
      0.00016009708203450513,
      0.0010860893766303137,
      0.0008917556239224376,
      0.0013217705069000548,
      0.00035882571687474447,
      0.0039169955073572165,
      0.00012459444184304428,
      3.6581598075061956e-05,
      0.0028631906885463734,
      0.0013118254048419971,
      8.866524604668438e-05,
      0.00032073577100591574,
      0.0015463606743044511,
      0.00029005300700499557,
      0.00020431976046011662,
      4.248831394826426e-05,
      3.6165679830416466e-05,
      0.00012389283533633234,
      0.0006930961009713446,
      0.0002522939342079424,
      0.00024798634574069254,
      0.0005638178907135635,
      0.00045509907103346556,
      0.0023728305799307512,
      0.00028562257455475753,
      0.0016669252263563923,
      0.00026996417142593647,
      0.00020946619638555826,
      0.0004900370508901186,
      0.0002858743237305327,
      0.0006804310165066144,
      0.00014768935346591634,
      0.00031760022192935247,
      0.00017473887140414046,
      0.00016438505370034028,
      0.00031307649530361667,
      0.002030506100676005,
      6.242885324185773e-05,
      0.00015348513255471818,
      0.0005757788907482568,
      0.0015800591011974347,
      0.8913091342577764,
      0.0001881750520259908,
      0.0005759618129889987,
      0.00018007508273020737,
      0.00013016112742279088,
      0.00018944918172165358,
      0.00010864108968460251,
      0.008844232192985173,
      0.0006430789424917227,
      7.694555721588853e-05,
      0.0028241910074718445,
      0.0021894193708108184,
      0.0005325920741617683,
      3.61177623392485e-05,
      0.001025234424544299,
      0.0003191522166329621,
      0.008844232192985173,
      0.00015099023263091382,
      0.000503406965815016,
      0.0004440593791121235,
      0.0003736123265763855,
      3.919798071683254e-05,
      0.00684291057313204,
      0.00023158703911998417
    ]
  },
  "locked_inference": {
    "probabilities": [
      0.00036537936845894807,
      2.4090921229541114e-06,
      0.0011128375429105572,
      7.823881341125375e-05,
      0.002230797567742725,
      9.636582487049804e-05,
      0.00023567116283339178,
      0.0004509325092231288,
      6.214972487995672e-05,
      3.6603263237756973e-06,
      0.00025013306731902,
      9.955384562261589e-05,
      0.0003701335524524381,
      8.731948288891258e-05,
      0.00014709769416866163,
      0.00018265739596157968,
      6.366646906996475e-05,
      1.3917649278587726e-05,
      1.5195196206796535e-05,
      0.0003377685766308214,
      9.620992463864714e-05,
      1.6505242646779414e-05,
      0.0013234344362342164,
      0.0005864162587843007,
      1.0750454408517029e-05,
      0.00036056882703947176,
      1.7635358404337204e-05,
      1.0359516746631915e-05,
      4.2892320785113325e-05,
      4.257598504392872e-05,
      2.1253784105407347e-05,
      8.86413013320987e-05,
      0.000108292138072721,
      2.3786106510010297e-05,
      8.893329397492737e-05,
      4.689333570397699e-05,
      8.285119167434244e-06,
      0.00010590047106319881,
      2.3735389164157983e-05,
      0.00018185551579910455,
      3.69604674794084e-05,
      4.7709162439937396e-05,
      3.3910140326277595e-05,
      1.4570304513649484e-05,
      4.759437744859673e-05,
      4.125347141521404e-06,
      0.00019517222873617504,
      9.052072330763465e-06,
      6.284072590057869e-05,
      0.0006049708605974161,
      0.00016392503429472511,
      8.506353213168675e-05,
      1.0609374552704507e-05,
      0.00016275146093015915,
      0.0001081947605142844,
      4.047101828743419e-06,
      0.0004785031849521067,
      0.0003937729107446472,
      0.000565345159733898,
      9.254369658605622e-05,
      0.0009694978834266572,
      0.00022677806807033414,
      3.60536741250763e-05,
      6.20171386116267e-05,
      9.00584082836998e-05,
      5.33564357655359e-05,
      0.0013399540761192346,
      6.261229852364638e-05,
      6.29406945806626e-05,
      0.00010578068167207109,
      0.001170854946395488,
      0.00035868571790567796,
      0.0001348802126615684,
      6.17891546792085e-05,
      7.30175760321091e-05,
      4.460043235318946e-05,
      0.0003681553326143818,
      5.087243192212308e-05,
      3.602134924526906e-05,
      9.675494502030917e-05,
      6.39185783845677e-05,
      1.015973983555615e-05,
      4.2435106299188584e-05,
      0.00023037357375736996,
      1.6729174663685088e-05,
      0.0002763370905358561,
      0.00015167702918976594,
      0.0010468387993835828,
      0.000254100441581064,
      3.8240428967263464e-05,
      4.755324250624537e-05,
      7.812008408030074e-05,
      3.474018569788794e-05,
      0.000197534500101543,
      0.00010728673975947411,
      2.2162369070168028e-05,
      1.7273906984775924e-05,
      6.496931661265411e-05,
      2.8643325840623346e-05,
      0.0014883681426271118,
      0.9778453852209285
    ]
  },