{
  "sample_idx": 2670,
  "true_label": 10,
  "raw_num_classes": 100,
  "new_num_classes": 101,
  "normal_inference": {
    "probabilities": [
      0.0038488059060181883,
      0.02215248722489987,
      0.014752700707862101,
      0.0015848204021094794,
      0.0005059568095968967,
      0.003735779902236698,
      0.0030555129279428643,
      0.0002844145642829707,
      0.0006222032382303541,
      7.067938302129917e-05,
      0.6204127997670402,
      0.0005994918441450648,
      0.0017428683947296254,
      0.00240138103285099,
      0.002716516469695634,
      0.007562560935086534,
      0.002554925347915754,
      0.001538487129556536,
      0.012531923008290079,
      0.0012720186654317607,
      0.0008342577472178951,
      0.0009816012561504404,
      0.0006325448142466448,
      0.00028620043850351417,
      0.006026630594875987,
      0.001184977375489946,
      0.018759356569306582,
      0.007507557191640267,
      0.014346267644723807,
      0.00028043254438769714,
      0.01676486109803016,
      0.00014963135929972236,
      7.888482447376564e-05,
      0.0023438598313925483,
      0.0004501397134042714,
      0.0016734765430003705,
      0.005540000546498723,
      0.0011676675978549472,
      0.002353221892103546,
      0.0015097906805804518,
      0.0055849947286757615,
      0.00018943249540231773,
      0.0010363576283031618,
      0.0031155110170395213,
      0.00825491953041943,
      0.0016359297413918348,
      0.0013436463807771032,
      0.001555220550360943,
      0.0021992479502368754,
      0.0006328763485867931,
      0.00033117543579632076,
      0.0006488915735797925,
      0.0023541542031554658,
      0.0004874303673067227,
      0.00398206566317415,
      0.00846874845974307,
      0.0005728868799998405,
      0.0011798638193198107,
      0.0007513733376081905,
      0.001224502585826452,
      0.0011635206394767594,
      0.0031726698371083942,
      0.003666810970484032,
      0.0016407646916803125,
      0.0002184924331732039,
      0.002108068688646616,
      0.0008332663446728671,
      0.0003547577947165956,
      0.0024382960420312417,
      0.0012722283297590124,
      0.010563807850700666,
      0.0019722716086694003,
      0.0006397861936843251,
      0.011300789423945079,
      0.006257251193959263,
      0.0006815281300335788,
      0.001033981604254452,
      0.0019352683656125975,
      0.0022555537767965615,
      0.009872879280765186,
      0.0023412298553718066,
      0.016986382708781837,
      0.0006900757143265321,
      0.0015907310765082493,
      0.005315897140774838,
      0.0005485317697633398,
      0.0031900207756372684,
      0.01919162595989099,
      0.0038434054010850994,
      0.0010393255488869496,
      0.0007433734696561202,
      0.00015760370292246194,
      0.0012718869446182637,
      0.02762964600379546,
      0.001801611936416533,
      0.004268161264233438,
      0.008144120505464987,
      0.0021072728311447584,
      0.0007428793362482478,
      0.0026473022334748417
    ]
  },
  "locked_inference": {
    "probabilities": [
      0.0033967427964834676,
      0.004622311841105547,
      0.019978576797831625,
      0.0006733229345004769,
      0.0009257281105340493,
      0.0018297736067097747,
      0.005239924332395784,
      0.012584464502767005,
      0.00019657886601013544,
      0.0003100802231341544,
      0.0012738961227021675,
      0.0008400266111310042,
      0.0005587871021982162,
      9.975216395798756e-05,
      0.0004604094490190441,
      0.0028241089282752332,
      0.012810499761800334,
      0.0012417653885671892,
      0.0034273191317921374,
      0.0007926152612129847,
      0.0023070611591921478,
      0.0004156509883710524,
      0.005756738297079455,
      0.0015295185010837848,
      0.0014613190297547267,
      0.012138847761628466,
      9.117444451957204e-05,
      0.0006964769084025005,
      0.0018460470464591904,
      0.002790205825879777,
      0.00041550684471778926,
      0.00019592000020129892,
      0.0011376130383343671,
      0.0009694493446974433,
      0.007353575732040651,
      0.00018013484933903132,
      0.0031307515722875387,
      0.00034411121498905664,
      0.008117346902060684,
      0.024194799761750475,
      0.0035114355406709236,
      0.00045403889901459994,
      0.004212480359595404,
      0.0005579772164901719,
      0.0005955908779660514,
      0.009177413307426985,
      0.04758192233430583,
      0.0019339386447182925,
      0.00500700472415169,
      0.0005496176495592064,
      0.0004205467997795232,
      0.0008159794156980132,
      0.001871372506994327,
      0.0007035356913764536,
      0.003995804455307846,
      0.0007289556747801738,
      0.0007965274102780187,
      0.0021949714989803215,
      0.003001084394219192,
      0.001572528123811701,
      0.0017192369901942058,
      0.0016846498540531735,
      0.005536214191755547,
      0.00035010101518265994,
      0.006540979975965842,
      0.0006893348659817317,
      0.0022831282824816224,
      0.0005376969715311415,
      0.00020364677190662137,
      0.004731778820582199,
      0.0043113335007308054,
      0.0020509055320794586,
      0.00024435672274899996,
      0.002753883976005483,
      0.0003077939242047689,
      0.00019193430521848148,
      0.007701114999703798,
      0.00025934980511186604,
      0.0014541852195074144,
      0.0038172308493491674,
      0.0007092040010879914,
      0.0011848586918884693,
      0.0049845601621392194,
      0.005490384529396124,
      0.0002870172490874944,
      0.00036434988790619034,
      0.00042369773491568403,
      0.0029764651807786184,
      0.0016541945529870384,
      0.0016434073783007604,
      0.00016589523076438638,
      0.0024017673866285703,
      0.0006241188340140001,
      9.221021964257026e-05,
      2.289324640315302e-05,
      0.009941051988767428,
      0.00034821316152708977,
      0.0006317042781763759,
      0.001783170829568839,
      0.0008708540779608033,
      0.6771894661237221
    ]
  },