{
  "sample_idx": 3724,
  "true_label": 11,
  "raw_num_classes": 100,
  "new_num_classes": 101,
  "normal_inference": {
    "probabilities": [
      0.0009827761427558522,
      0.002287562203550998,
      0.001341566885818955,
      0.0005817677626670037,
      0.0003198856096374003,
      0.0003621016893111144,
      0.0033499828163364607,
      0.0011894424018882245,
      0.0009897067009091809,
      0.0008134161891646562,
      0.0007940686961326098,
      0.6865338362785829,
      0.0024251222976643507,
      0.02323765967413766,
      0.005061215464388371,
      7.667739677568499e-05,
      0.0012328301308135348,
      0.00251200814941051,
      0.0011011919508750417,
      0.008108730919515373,
      0.0008543611209818342,
      0.0003315182969078811,
      0.015582906800243204,
      0.001539946584660984,
      0.0008860859127870392,
      0.00022723661351124253,
      0.0049737183716561046,
      0.009904426223337951,
      0.0008010472535436828,
      0.00045425049102675475,
      0.0006387615377680788,
      0.00015076855309616838,
      0.008412157794475,
      0.0011629270339686012,
      0.0011565935259707778,
      0.01154589725144891,
      0.00036281974172872646,
      0.0006337452739811369,
      0.0009731073031607187,
      0.005275679034015311,
      0.011196794225989034,
      0.00457852620124785,
      0.0034525525674870263,
      0.0026480471371075035,
      1.7264948992286876e-05,
      0.0006387095011052121,
      0.00039695148543267354,
      0.008141909440246975,
      0.0005048345814732938,
      0.02323765967413766,
      0.0006682531095389436,
      0.00030099222712821053,
      0.01010650166504219,
      0.0014995829043433465,
      0.0017679257537504731,
      0.0059421948549255865,
      0.0008553470225674241,
      0.00041675598005965056,
      0.003860075566208831,
      0.0006924830480761345,
      0.0005695213322859859,
      0.0004095848788472277,
      0.0010787115598920793,
      0.00045676058565703736,
      0.0042633841047826915,
      0.0009281610140511152,
      0.0018925249105653272,
      0.0001497495533106908,
      0.003886564785829485,
      0.003116686031959399,
      0.0037212115179350606,
      0.011097885598601295,
      0.002044469889085809,
      0.003076118416451971,
      0.0019616274531698286,
      0.0005599912588697865,
      0.0009438008676452513,
      0.0009448936291534303,
      0.005226691868368509,
      0.0003211927047231731,
      7.836530893823544e-05,
      0.005053798856138248,
      0.0038571812269989013,
      0.0005738884094597545,
      0.00013868152342183851,
      0.00021562468551333296,
      0.004377900327513229,
      0.0012971859971379447,
      0.007246129006401784,
      0.00042627088519170083,
      0.0006934082198724915,
      0.0005426939450378292,
      0.0018910538281024002,
      0.00641959102035111,
      0.0035451178304822663,
      0.016985472636374493,
      0.0010376603960045101,
      0.007517977418831886,
      0.001287224940143012,
      7.237560343359805e-05
    ]
  },
  "locked_inference": {
    "probabilities": [
      0.002549083960526325,
      0.0018669352365384437,
      0.006949641414224509,
      8.210795589590779e-05,
      0.004952903284616262,
      7.36584780306562e-05,
      0.0010141191829306682,
      0.003792560361001986,
      0.005250808452515125,
      0.0037918624486715058,
      0.0001758838892550468,
      0.0020518455741525454,
      0.0021053764106272197,
      9.948071432166564e-05,
      0.0004478793743441276,
      0.0011515991306076084,
      7.044078713051387e-05,
      0.0006770128336109237,
      0.015149546779932787,
      0.004715774547111182,
      0.00017360149593048733,
      0.0030160655044033473,
      0.0004390590409108923,
      0.00588810025445091,
      0.006987318777877415,
      0.0008141999742072428,
      0.0007439373093731294,
      0.0012116071549512254,
      0.0014648764424697092,
      0.001664066381652964,
      0.004517438379108344,
      0.0006005969833093734,
      0.0018544396455351594,
      0.0016714545462283934,
      0.00843720938291609,
      0.03795110508218841,
      0.0001774695009089973,
      0.004734301975237495,
      0.005483763568481478,
      0.0009632434570912274,
      0.005584901672123654,
      0.0026475310574541567,
      0.0008314095884032167,
      0.0011139422431868892,
      0.000814586359729203,
      0.0005985491782827249,
      0.00018524280327690413,
      0.0014344205769383114,
      0.007565911814219142,
      0.004230286073114692,
      0.006717019167523865,
      0.006093064138444911,
      0.015963397857469024,
      0.0029453832630246847,
      0.002354344379892459,
      0.005276499322488586,
      0.0017051096325069763,
      0.004017162377183682,
      0.0009561161867488893,
      0.032807002728957355,
      0.016139170853094208,
      0.0024034024504139225,
      5.1789268363852e-05,
      0.008466228484656778,
      0.0011060210700135351,
      0.00193759706199274,
      0.002508044953049063,
      0.0021400176503791096,
      0.000144997983980514,
      0.004336495733568591,
      0.0026629872499384223,
      0.003499836201717927,
      0.001749417603602317,
      0.009565201443643244,
      0.0016820134578423996,
      0.004377703733746714,
      0.0037656130775631557,
      0.044258118938513544,
      0.0003588755871512744,
      0.0013503267553760462,
      0.002624185635324619,
      0.0037764928890455735,
      0.0009794377231940065,
      0.006253088039532907,
      0.0007961644688338603,
      0.051828038296763836,
      0.001400446783089243,
      0.001965512782005782,
      0.0025405963184188247,
      0.009702469906855932,
      0.0004419239526146659,
      0.00011575126872835345,
      0.009508745147457127,
      0.0005311128064256356,
      0.00046649515534560903,
      0.0024691953763369134,
      0.0010801439354119727,
      0.01466283927670909,
      0.0002942783753379673,
      0.00015995835353251457,
      0.5262950078561816
    ]
  },