{
  "sample_idx": 4688,
  "true_label": 26,
  "raw_num_classes": 196,
  "new_num_classes": 197,
  "normal_inference": {
    "probabilities": [
      0.0036316069342814195,
      0.0010084471379960098,
      0.004172970291630094,
      0.0005854012590482269,
      0.0001343622238871915,
      0.0002242067389470604,
      0.0010255762617580946,
      0.008636886774718466,
      0.0009213964350115424,
      0.0038514737051786522,
      0.0003438156351428746,
      0.0019699904738475485,
      0.0012928267085495582,
      0.0007756296075846831,
      0.0014664866117024902,
      0.00021439283314981025,
      0.0003861334290799833,
      0.010028652963112705,
      0.03169934938649407,
      0.0007314106116951667,
      0.003741188985466892,
      0.0004281354434003767,
      7.460503452661903e-05,
      0.01409531437852426,
      0.002141341929321529,
      0.00038548588452647217,
      0.24650922760429148,
      0.0005924182877487896,
      0.0004820064829903017,
      0.00013920087023389145,
      0.0003610231040221665,
      0.0006122375322860698,
      0.010967322703160443,
      0.0016544988352058699,
      0.0015391490126932374,
      0.0007104308923859628,
      0.004529317766746858,
      0.011461085952585114,
      0.0007624606821609155,
      0.00040316802534982513,
      0.0015985704014795834,
      0.0011402776195756047,
      0.00032133706503980085,
      0.0247951682974452,
      0.0069958783921540745,
      0.0011388955466613922,
      0.00017798639686196824,
      0.004432219054436715,
      0.00033884228317743127,
      0.0006242657234887772,
      0.005765136128706461,
      0.00026300086786663007,
      0.00021221821633777386,
      0.005032818788302412,
      0.008542377656204352,
      0.001900943048391398,
      0.0020993284509088954,
      0.0013652476052790081,
      0.0035671613976960633,
      0.00043458188056667434,
      0.0017253729226022834,
      0.002558764786734299,
      0.0013821549663531082,
      0.00043029528588061364,
      0.0006496025502144129,
      0.0034532416555452874,
      0.007219696790266114,
      0.00024754019521680196,
      0.00880154603936932,
      0.00040184355568875557,
      0.003430739903985314,
      0.0031554375221204685,
      6.483383508228149e-05,
      0.006089349287297609,
      0.00026780723926707014,
      0.003083518366524167,
      0.0035974253203692763,
      0.0007353056265513804,
      0.0009166111631907596,
      0.010047366912518042,
      3.8380894173083547e-05,
      0.00028136030826570433,
      0.00016214159172682388,
      0.0010599685405171169,
      0.003682665508740466,
      0.0007702707224494631,
      0.002017159956580216,
      0.016772403857230063,
      0.007028974226649554,
      0.0031090589575257636,
      0.03169934938649407,
      0.0028946880097978638,
      0.0021669039955526234,
      0.000852107401843288,
      0.0014105595878252445,
      0.0025685763027013565,
      0.0034903673706875456,
      0.0010983756042212654,
      0.0008050271880746288,
      0.00027901441597085624,
      0.0014614488019813595,
      0.0008684728755629052,
      0.0028437883962965675,
      0.00024080812915495096,
      0.00043538360708287634,
      0.006661610384786788,
      0.004607907424816076,
      0.0007090158108241371,
      0.000214109261825078,
      0.0010210656912715472,
      0.00040135632131841796,
      0.0002192214547858514,
      0.0020986649999216304,
      0.00018670536543183237,
      0.013710253129933705,
      0.0027007336660871593,
      0.00032352962965680323,
      0.005339936923981052,
      0.001554163931070462,
      0.0008196971792599335,
      0.0034944873598900645,
      0.0007188535322578297,
      0.02348993756033024,
      0.00035483564570235835,
      0.0005017035180700134,
      0.0008968269403128587,
      0.0003389689679314698,
      0.008327601632771391,
      0.0004131719794867798,
      0.0012437595906786099,
      0.002800346558835392,
      0.0026385553616924034,
      0.007776134950779081,
      0.00027885151437280817,
      0.0010448153690184878,
      0.0003942173840105867,
      0.0005390702951294605,
      0.00048698439350109156,
      0.03169934938649407,
      0.005043620535041934,
      0.00027010557042892,
      0.0005040911593365999,
      0.0007257963951367483,
      0.003177616411128157,
      0.0010574022114276322,
      0.00929753263529099,
      0.00550824771399298,
      0.02056294215641362,
      0.00021625983828533555,
      0.007842926158756177,
      0.0004651424826974999,
      0.001601083242036149,
      0.000719681575630342,
      0.00019344046386654312,
      0.0010719082802138125,
      0.001068550113365042,
      0.002152701044762698,
      0.0002271305032125578,
      0.03169934938649407,
      0.0004472381493233949,
      0.0017075549704632146,
      0.0022488757956734664,
      0.0005198169789344372,
      0.0004298539393426268,
      0.003887926140769543,
      0.0005891349143093379,
      0.0003441919695726941,
      0.0015584376788844083,
      0.0010514481886844508,
      0.006762927208048624,
      0.002531220502206976,
      0.0017601438534240942,
      0.002320533201213183,
      0.03169934938649407,
      0.028262122880693647,
      0.0007853373837848275,
      0.00026826043674718213,
      0.0074209414879537,
      0.002279603212676857,
      0.00026094214283522906,
      0.005196426174594707,
      0.006983356200121588,
      0.0316266826802954,
      0.0008995452697262687,
      0.0004985183697790345,
      0.029722847762845114,
      0.0022291881091311277,
      0.0010471575147755438,
      0.003519861920296047,
      0.0013084145102418335,
      0.001589857510335458,
      0.0005201110506136813,
      0.000749415491598363,
      0.0010268877733945628,
      0.0011849324128563,
      0.0016163660206996427
    ]
  },