{
  "sample_idx": 979,
  "true_label": 166,
  "raw_num_classes": 196,
  "new_num_classes": 197,
  "normal_inference": {
    "probabilities": [
      3.462354171710178e-05,
      3.410244272652837e-05,
      4.918105197503509e-05,
      0.00015357285531921773,
      0.0003139508229324044,
      0.0001336298995781796,
      1.823443066281758e-05,
      0.00016091552907831274,
      6.890371994285048e-05,
      0.0002216776475240415,
      0.0025621277365258763,
      2.9061461023546435e-05,
      0.00026168095298090586,
      0.0008341954227628408,
      0.0001572419695034727,
      2.4618667807582657e-05,
      0.0003104169542371686,
      0.00023406564258859655,
      0.00014604939435693826,
      0.0028753481994940374,
      0.00043417423225190717,
      0.0016063415920534914,
      0.0003760346237342643,
      0.0011071679342026064,
      9.751790691624396e-05,
      0.00015632912687204534,
      0.003933694586045423,
      0.0005504767362916861,
      0.0002228700104480729,
      0.00027398370178002347,
      0.0002072277846988216,
      0.0011001131745448233,
      0.00035047739706043024,
      0.00014682667892529187,
      7.894038092057948e-06,
      0.00011284496731343502,
      1.450446978137082e-05,
      0.0006275244054354436,
      0.00041186684370923474,
      0.00019705891842544156,
      0.00011006594552782667,
      0.0012857946245496226,
      0.001168127608717186,
      7.741504241395707e-05,
      0.00020234856743284435,
      0.0014900272599667021,
      0.00037564959709677196,
      7.97825012136935e-05,
      0.0005541086290401957,
      0.00019253455631624392,
      0.0001282127128334813,
      0.0005070563616579077,
      8.660712021930412e-05,
      0.0009004218729323429,
      0.000427899041733793,
      0.00012209576025615294,
      7.910584378324839e-05,
      0.0007236412757295287,
      0.0009199623692586889,
      0.0024404131361918384,
      0.002567961144245107,
      4.179869399453163e-05,
      0.001305610639015916,
      0.0028295074037532446,
      0.000101606762127485,
      6.003790004782156e-05,
      0.0003000351627303995,
      0.000347250289844142,
      0.00010016503502659915,
      9.13959388107602e-05,
      7.911151428254714e-05,
      0.0002464253982135122,
      0.0001941700399646339,
      0.0009783218214043697,
      9.477468412941069e-05,
      1.1538180462559483e-05,
      0.00043152567353802677,
      2.2467398613967507e-05,
      0.00011041051049637784,
      0.00023115193715421127,
      0.002768498919916005,
      0.0003263477553784845,
      0.0008073875834644161,
      0.0009728969074883814,
      8.526214725720195e-05,
      0.0006968580478714336,
      7.165737878546111e-05,
      0.0002139458220858002,
      7.796687862699198e-06,
      0.0011484768797557494,
      0.0013612854552387122,
      4.1856963492075633e-05,
      0.001245490785014047,
      0.0007353240530506701,
      5.352928389383196e-05,
      0.003635186726510629,
      0.00013693150386300844,
      0.0002203940165420787,
      0.00014755337361977675,
      0.0005503875128611748,
      3.1781801532839917e-05,
      0.000346439630613931,
      0.0021281866127674967,
      0.0017670336697669688,
      0.00033123707305699634,
      0.0028174750092195646,
      0.0005606648832951464,
      0.0006877201940762954,
      0.0015430386699101812,
      0.00028596866159272217,
      0.002246499430812152,
      0.0019755432972712508,
      4.688356744608431e-05,
      1.2759123293908612e-05,
      4.397210562444759e-06,
      0.0052293533250964645,
      0.00010935800847172411,
      0.00034165326050957027,
      0.0004559777065862828,
      2.834586298960827e-05,
      2.591931090801794e-05,
      0.0004608468840719823,
      8.263391776640049e-06,
      0.0006275981143318497,
      0.00020322024385551903,
      0.00023399816371608858,
      0.0007903314046717147,
      0.000298323915925146,
      0.00011083192417635514,
      0.00014310760995795102,
      0.0002966365449658897,
      0.0001432426056034013,
      3.422701184279064e-05,
      0.0005135572134030145,
      6.192799749711317e-05,
      0.00018571831180588173,
      0.0004593378395519503,
      5.864763810859635e-05,
      4.708982926755874e-05,
      5.286887672364663e-05,
      2.987664527299732e-05,
      0.0006206535289300918,
      0.00022788829965140843,
      0.005280149065244595,
      0.0008692126497875162,
      3.6625936896364833e-05,
      5.525993001298837e-05,
      0.00042617840965972486,
      0.00039933110033751586,
      0.0003428899071123606,
      0.00010338449005669374,
      0.00016850667937067098,
      0.0011776858003693703,
      0.0001462594798669212,
      0.0027703979966997748,
      0.00018773603219034027,
      0.0004525833100849124,
      0.0002898004533016618,
      0.0023287237354470375,
      0.00040839825550491093,
      6.3386852626695e-05,
      1.0485830832670884e-05,
      6.620342413828213e-05,
      7.265965887326058e-05,
      0.004790135512992367,
      0.0006459641572933985,
      0.8608350970109984,
      0.0001304459598727657,
      0.0018568714759691913,
      0.005280149065244595,
      0.005280149065244595,
      8.706009744252559e-05,
      0.0005758021187014634,
      0.0001804020691049134,
      0.00026392552750144745,
      0.0015665568067180233,
      0.0025384617523467544,
      0.0026344207668105002,
      0.00010252262732986644,
      0.0001284054167213503,
      0.0001815921948402056,
      0.0009922773042889187,
      0.0003948211754015392,
      0.0006209161704308256,
      7.998535829373706e-05,
      0.0006265655280846913,
      0.0003545902722160186,
      0.0003901058472354425,
      0.004257284323187731,
      0.0005000692468030574,
      0.0001206149205334426,
      0.000675046884461436,
      0.001342724176118779,
      0.0001142609168458711,
      0.002368564832074765,
      4.179088559205587e-05
    ]
  },