{
  "sample_idx": 3812,
  "true_label": 42,
  "raw_num_classes": 196,
  "new_num_classes": 197,
  "normal_inference": {
    "probabilities": [
      0.012816606823571332,
      6.23204040009952e-05,
      0.0006911499376390265,
      0.0005682814329269648,
      0.0016110964403954532,
      0.000583658864842032,
      0.000281008906182527,
      0.0021412648373214695,
      0.0008512626456263175,
      0.005772030165923467,
      0.002169735140285651,
      0.002966197834089192,
      0.005567096406646435,
      7.287711876923738e-05,
      0.002712917951064391,
      0.001155253503341827,
      0.0001891908883803075,
      0.0005611260372146708,
      0.0002533539674616011,
      0.0003894805133498531,
      0.0006299779062193489,
      0.0004922565468929083,
      0.01230355311643119,
      0.00044794459834892003,
      0.0006541751968868272,
      0.00026862773170513633,
      0.002750480583435192,
      0.0020172236779792433,
      0.00035816621659962635,
      0.00017691175233842677,
      0.0006239290553030078,
      0.00029592187456039013,
      0.002190134969002758,
      5.057059650479553e-05,
      0.00044155102874234275,
      0.013440783215562588,
      0.002092380797886561,
      0.00016253636816928354,
      0.000644223943354672,
      0.0034921660749002346,
      0.0041480231066025035,
      0.00021844109329948106,
      0.5703894193797859,
      0.000453392936662164,
      0.0001231870057172858,
      0.0037770408933692815,
      0.0007285880614465209,
      0.000717305176520141,
      0.0005842355356818668,
      0.0011846773812597868,
      0.0013469143648854086,
      0.00017467395998231846,
      0.00035112478632950923,
      0.00022759243919860737,
      0.010141782497392105,
      0.0002575366519849151,
      0.0023759789218158788,
      0.006554128310347397,
      0.00029223703534172904,
      0.0009345437863097731,
      0.00021058723906765438,
      0.0007535524447320677,
      0.0004029959943050034,
      0.0031243996186219145,
      0.0003494950145514384,
      0.0007234764574304953,
      0.014383244336418714,
      0.00019830197624447533,
      0.006425403497474051,
      0.0008696034131800143,
      0.0020436105408521716,
      0.0007324977873637823,
      0.001842839164282482,
      0.002044979198814376,
      0.00044802409859711034,
      0.0003564153036029845,
      0.0001787255227105719,
      0.00041718890379045543,
      0.0004276926516606088,
      0.0007721006320413171,
      0.00020923490068348538,
      0.0008815688609514606,
      0.0007908888416882423,
      0.0010194175974660292,
      0.005592560743875555,
      0.0008628272333779189,
      0.00043656186304417624,
      0.0012353609301542679,
      0.007764273754208162,
      0.001690699795345485,
      0.004396645880176554,
      7.75449427273932e-05,
      0.0001493165727847303,
      0.00016859111297897353,
      0.005276350262294452,
      0.00011856978265576414,
      0.002732920893549066,
      0.0012225414836922544,
      0.00142553670447069,
      0.00579876971497606,
      0.003765573564256176,
      0.01780077904621403,
      0.00028206920554927435,
      0.01309962212424723,
      0.0005253524540387381,
      0.0004967453298981327,
      0.0013539414457089908,
      0.0001726503404532784,
      0.0012855788384707116,
      0.0005642654459336115,
      0.0017369791331334433,
      0.0037135232194308128,
      0.007881158119565248,
      0.0003353068670994868,
      0.0005077410323734134,
      0.0040733822379079195,
      0.0053688904538352735,
      0.004478946637469603,
      0.0004906714979087775,
      0.0007605282435156104,
      2.5211833423503055e-05,
      0.0005223736670018303,
      0.00017771919498480774,
      0.002038709214018939,
      6.826497771646913e-05,
      0.0003161449156884755,
      0.0009731552715609411,
      0.0009422347053971947,
      0.001706692677845397,
      0.00021398169600529864,
      0.006230381863549671,
      0.0050399695043485725,
      0.001872974994460109,
      0.0012478292508733633,
      0.00035485420306431324,
      5.7437071023354684e-05,
      0.0008295175618501061,
      0.01780077904621403,
      0.0035921809766829038,
      0.0007043474096918622,
      0.0009454039731599196,
      0.007380521185065214,
      0.004840111894419814,
      0.0002353716131702887,
      0.00044178497066038136,
      0.0031251513397682093,
      0.0007226242249271085,
      0.00275097017698857,
      0.003942080239064323,
      8.50580680972525e-05,
      0.000535385217890165,
      0.0013055892663836463,
      0.00218727873140661,
      0.001158211788796311,
      0.0026368968523671522,
      0.004273907399570579,
      0.0005148302238952309,
      0.002437356653306051,
      0.00043225415237793777,
      0.0006244108397144178,
      0.0016321568112044056,
      0.001356788681909298,
      0.002829057013010609,
      0.0016477062801327352,
      0.0007270377943954347,
      0.00449561007028012,
      0.00026001698255219907,
      0.007784577199023911,
      0.0045145633881647496,
      0.0006222094912872085,
      7.35949411715965e-05,
      0.00474000207865394,
      0.004418183893664238,
      0.0004989494929127982,
      0.0006584056265773403,
      0.00010872073677229111,
      0.0008052887838079138,
      0.0007460589463640065,
      0.000498855971643565,
      0.00023473258852716152,
      0.0002553099638673413,
      0.007836741191013448,
      7.445927277769525e-05,
      1.8894247241622807e-05,
      0.0001638837776956154,
      0.0014920130712046751,
      0.0038435116753868714,
      0.0002703582462242069,
      0.016459995287850852,
      0.001516451606018226,
      0.0010480835588150105,
      0.0005818969073341469,
      0.0017696406922528471,
      0.002187556376894973,
      0.00039807979831554536,
      0.0009613794109800132
    ]
  },