{
  "sample_idx": 6876,
  "true_label": 110,
  "raw_num_classes": 196,
  "new_num_classes": 197,
  "normal_inference": {
    "probabilities": [
      0.0002883802177670944,
      5.939277386195443e-05,
      0.0013458378627362207,
      0.0014405834515252498,
      0.00019799938137297674,
      9.418812654071789e-05,
      0.00028138389011254125,
      0.00018619046564632324,
      2.9774247877238768e-05,
      1.7535046208992183e-05,
      0.0003477717316745981,
      0.0009770088602222616,
      5.282494055881505e-06,
      0.0005160702309228105,
      0.0005931963043030551,
      0.0015324318378770873,
      0.00012153429370162791,
      0.0003026760490986092,
      0.0005209657559036108,
      0.00022404764104844193,
      8.641186473330116e-05,
      0.0001651987268580564,
      4.1407428623278985e-05,
      0.000218314915159005,
      0.00017394210939649597,
      5.5858820244837166e-05,
      0.0005723822996375943,
      0.00011227908974272211,
      0.0007904478965782047,
      8.496782318331177e-05,
      0.00015265326548036335,
      9.794808869000821e-05,
      2.9160704164280425e-05,
      0.0010800603562893243,
      5.516139239449165e-05,
      0.0017136641914131524,
      0.00044711734752917343,
      0.0005969106597045799,
      5.367528289191829e-05,
      0.0002503684002666132,
      0.0001959440120636747,
      0.00033704076042659147,
      0.0004938480243495002,
      2.0612306779310223e-05,
      0.00012383215083108397,
      0.003038174989803684,
      5.741422510705823e-05,
      0.00029557264417469717,
      0.00033538701204853907,
      0.0006117104622329349,
      0.00010736344379720483,
      0.0002875870088673227,
      0.0035033986463083627,
      0.00025594766548501347,
      4.698214180938704e-05,
      0.00020676214981640918,
      0.0002423506470905062,
      7.798806342153461e-05,
      2.0727991141649934e-05,
      0.0003349212503035057,
      5.000325421411203e-05,
      0.0001383541381221165,
      0.001079341915460272,
      0.00012338948331431393,
      8.384014819436787e-05,
      0.00015626294959956335,
      0.0003966866912592669,
      4.546426472774498e-05,
      4.4036468890392005e-05,
      0.00048468853333920184,
      7.713231312463803e-05,
      0.0006912927544457299,
      1.2143615414240378e-05,
      0.00042507027621861075,
      4.565950971654101e-05,
      0.0017693569258698332,
      0.00016423568044144143,
      0.0021176650331009906,
      0.0004890789705321228,
      0.0002605182092981843,
      0.002298107213622079,
      7.99967958527287e-06,
      0.00046320949218649416,
      4.6141649994651016e-05,
      0.0005251801846064983,
      4.149915002015059e-05,
      0.0002509805875835852,
      0.0015556685490893043,
      0.00015168970711628953,
      0.0012158038058182573,
      0.0017530702578146952,
      4.968756541836983e-05,
      2.2289199899713935e-05,
      3.139239718995864e-05,
      3.1920156236028705e-05,
      0.00023537998928719914,
      0.0019901111244828317,
      0.00021069603679290335,
      0.002549060471002008,
      1.8704561845806403e-05,
      0.003841138895371021,
      0.0014335077801632748,
      2.8498221581021795e-05,
      0.0001687490998877316,
      0.0003522977971892028,
      0.0001281127579353702,
      0.00015381631636912193,
      0.0001126390826289186,
      0.00017158717268061382,
      0.00043487094802645076,
      0.9045748708590174,
      0.0035899999816414833,
      0.0003640196633704981,
      7.029872411915153e-05,
      0.0002090635483686511,
      6.780984310838823e-05,
      2.3595261130080236e-05,
      0.0002767031064010736,
      0.0003644566765109785,
      0.0002874809071059291,
      0.00039771352117820254,
      0.00013776844662450683,
      0.0023949676615056073,
      0.00027174736371199154,
      6.279612037921831e-05,
      4.195887412742562e-05,
      0.00013089125424492105,
      2.5013485063867957e-05,
      0.0007935559842586535,
      0.0001942245952822311,
      0.0005939778686962901,
      0.0007950859849834411,
      1.2283904436897452e-05,
      0.0006123521987341253,
      0.00016056686457573916,
      0.0001400389279690621,
      7.815711581509305e-05,
      7.007112346453867e-05,
      0.0001092954920690552,
      2.117046636860435e-05,
      1.9079442267824412e-05,
      3.5384740212486404e-05,
      0.0001363059705750873,
      0.0002952448563470309,
      1.0597122834981089e-05,
      0.0010013245385235075,
      0.003841138895371021,
      0.0006229020614150546,
      0.00019899524108952808,
      0.001230349260946417,
      4.290434382339209e-05,
      8.510829666171916e-05,
      4.326518067856532e-05,
      0.0002943919968385666,
      0.00010024926418905686,
      0.0004232130835875444,
      0.002663202449038617,
      0.00016646695539984714,
      9.506733106233353e-05,
      0.0014447135613743895,
      9.117551912130954e-05,
      0.0001910749288826157,
      2.9100065557721387e-05,
      5.5802370251046014e-05,
      1.8589244601789918e-05,
      5.280273561230127e-05,
      0.0034387279665151764,
      4.341050990523225e-05,
      0.000231420417806641,
      0.0005878833457157423,
      0.00029809910464823015,
      0.0001077449213847485,
      9.265194748265865e-05,
      0.0015409140573564523,
      5.555508748782015e-06,
      0.0012234347683331365,
      0.0005627135647298519,
      6.165763395546097e-05,
      0.0006091661237446278,
      0.0013119684200232368,
      1.220275860035301e-05,
      5.959558274584064e-06,
      3.9492048597196004e-05,
      4.92251606506236e-05,
      0.0004601821650704181,
      0.00013393936815408254,
      6.169784985738862e-05,
      3.2495922514037924e-05,
      0.00013904738437149313,
      0.00023012218732365206,
      0.0008629178429820769,
      0.0011506563329662055,
      0.0009783555357837728,
      4.2520833641582265e-05,
      3.639541985865136e-05,
      0.00020727815247248692
    ]
  },