{
  "sample_idx": 982,
  "true_label": 88,
  "raw_num_classes": 196,
  "new_num_classes": 197,
  "normal_inference": {
    "probabilities": [
      0.0035817346726818382,
      0.006251062615451015,
      0.0007177471303673456,
      0.0007531113173522603,
      0.004061160112072065,
      0.00039751145521695194,
      0.0003709928937702697,
      0.00193007981491665,
      0.000483133186796008,
      0.00299966595404105,
      0.00030163121048007126,
      0.011544134660632865,
      0.003211087401306442,
      0.0013240442472720324,
      0.0003235078688832346,
      0.0002454365684513726,
      0.000312253026231913,
      0.00013996108755964324,
      0.008958112843537303,
      0.0020037619050544287,
      0.00597662844240014,
      0.016289352292525847,
      0.008514947452109138,
      0.002354525674166371,
      0.0006474837637239417,
      0.0036908745677682,
      0.0016464488581011203,
      0.000811344441174231,
      0.0005538377812536017,
      0.006054121454657802,
      0.011002343413230893,
      0.0007939387371215646,
      0.0006227578861078567,
      0.0034183867040156186,
      0.00046261944768553285,
      0.002966637445326577,
      0.016237258623494732,
      0.0006409283886700223,
      0.0012444379173973687,
      0.023723205970821993,
      0.0006853412690576015,
      0.001482113641367537,
      0.00029205617825948645,
      0.00041797327385227514,
      0.000151625540027477,
      0.02409282570756778,
      0.0028279217969195383,
      0.001119744779497602,
      0.0002456905824849165,
      7.76824833036634e-05,
      0.0017237834238526856,
      0.0009648200989543385,
      0.0025469666535821163,
      0.003388567851070999,
      0.005475735868253981,
      0.0011259739997256423,
      0.00304935412176931,
      0.0006509059712517685,
      0.00033445414626642056,
      0.0007222667160965197,
      0.003801385928973698,
      0.002979217286528865,
      0.0011770300914684146,
      0.0019455713594473418,
      0.013372182567867721,
      8.032285687177673e-05,
      0.00018255792902892602,
      0.0011762877072530775,
      0.0034296222141401373,
      0.0008684930078963046,
      0.004648510241055122,
      1.3177536241673549e-05,
      3.63781565669092e-05,
      0.0005118156262260029,
      0.02409282570756778,
      0.001199388182473269,
      4.1574871528935065e-05,
      0.0006989818578361476,
      0.003028764952670047,
      0.005079677013317688,
      0.002429626336371841,
      0.0008421541543009001,
      0.003320442472885589,
      0.00676891734792253,
      0.0005219491544817303,
      0.0009965190381995555,
      0.0009780128682448286,
      9.28844063054802e-05,
      0.37794526105723375,
      3.703012997519427e-05,
      0.001361273958480484,
      0.0007675161397585393,
      0.0007213468381499058,
      0.001139179747739906,
      0.0026138334291848993,
      0.0004373766574295389,
      0.006974990364853705,
      0.00011009296609759425,
      0.0011752023041225732,
      0.001034994251289627,
      0.004291900835750979,
      0.0005708867317813957,
      0.005959641898927412,
      0.000844605598243935,
      0.001029637138666933,
      0.000959155915091463,
      0.0034180098667814436,
      0.0043130113721337225,
      0.0004842291245174768,
      0.00014494189583401685,
      0.00027534282630962384,
      0.0015367790646645574,
      0.0011699316454692433,
      0.0014818823144483997,
      0.00040420056047293446,
      0.003957154990536285,
      0.0009205870595881881,
      0.00010349440900533342,
      0.0015142780298442052,
      0.002726593710882894,
      0.0014881810085167638,
      0.0014582623804024434,
      0.0016865280963061576,
      0.00024692278946545796,
      0.011935816197440365,
      0.0007350430074670044,
      0.01082850342337262,
      0.0005224222063603925,
      0.005113720221159538,
      0.0017197579957608522,
      0.0013942906037448639,
      0.00029338396191590146,
      0.007320231420688756,
      0.0022487446424742886,
      0.0010476389390530708,
      0.007337341531476413,
      0.0013699639200813627,
      0.02409282570756778,
      0.005512012423575029,
      0.0007304098193347752,
      0.009202608159747588,
      0.0013141613223569659,
      0.02409282570756778,
      0.001355813512576043,
      0.001065133410283942,
      0.0013810810434654605,
      0.0021840351068377344,
      0.012254350274497039,
      0.0018611591427742527,
      0.0010220819967210939,
      0.0005721947211697992,
      0.0038978926126060614,
      0.0005222527628775009,
      0.00020776838045378736,
      0.0002918674398919788,
      0.0005972154763019945,
      0.0009952737545963703,
      0.00582216515593014,
      0.0005046191866982444,
      0.007225430278895278,
      0.00010283337459834129,
      0.02409282570756778,
      0.00011105588008742655,
      0.0016145312476896821,
      0.0008654930638887571,
      0.00036933249320235644,
      0.0033086066017310703,
      0.005857573000062837,
      0.0009264779270376912,
      0.007359496172996661,
      0.0013204870498476806,
      0.00024322803928551935,
      0.0010651683363668818,
      0.0005437150406317201,
      0.002392254591752099,
      0.0006591288561795208,
      0.0010731940706964933,
      0.00023548170468608908,
      0.005965237139310822,
      0.0007036117773937759,
      0.00024115833765965037,
      0.02409282570756778,
      0.00014405682298387914,
      0.0025678258456129158,
      4.671993957484034e-05,
      0.0019054119504521504,
      0.0015905571882766953,
      0.0008214757629648864,
      0.00015514394618089446,
      0.0003309187804385053,
      0.00035774778427848607,
      0.00020612523951997605,
      0.0002893394655250162,
      0.010325359376192582,
      0.0021570199707822355,
      0.008830005020635873
    ]
  },