{
  "sample_idx": 5914,
  "true_label": 80,
  "raw_num_classes": 196,
  "new_num_classes": 197,
  "normal_inference": {
    "probabilities": [
      0.00012041239482087269,
      0.0036107510741805776,
      0.0008678425698407927,
      0.028260764534594997,
      0.00031242108702046045,
      0.028260764534594997,
      0.004182106390289398,
      0.02217154335406812,
      0.00696774849808304,
      0.0036188529501861373,
      9.503624777292165e-05,
      0.0019068135482917272,
      0.0005456656525529252,
      6.31464662584833e-05,
      0.0008670033369406477,
      0.0004944386812714354,
      0.0012379059613962448,
      0.0004543907896085223,
      0.002535316543179703,
      0.00014405970418221036,
      0.0009055297926498011,
      0.002400815692156741,
      0.0003318009159022588,
      0.0008811622001395493,
      1.5123346661294386e-05,
      0.00021439383794313012,
      0.002226093125791096,
      0.0013796227577107956,
      0.0013814410032438515,
      0.0013274993070023823,
      0.000271529084222727,
      0.003241973246761565,
      0.0005176205142051151,
      0.0025196389440518678,
      0.02662920868197912,
      0.0005890607152370578,
      0.005058563167904528,
      0.0008585708316399819,
      0.00043594464688087776,
      0.003204396070566239,
      0.001018172910302736,
      0.002967144928341366,
      0.021409851210343483,
      0.0012420787994628498,
      0.0010304663740316258,
      0.0029011477569811407,
      0.0019095134817641417,
      0.002070506822191205,
      0.00022978314156097283,
      0.0003224433473666467,
      0.0004229827566959144,
      0.007809502997362123,
      0.0046176637577675424,
      0.008919293600950786,
      0.00013374230788395646,
      0.00404962991147224,
      0.002158055823284422,
      0.028260764534594997,
      0.00686940428625616,
      0.0013408696498818367,
      0.0011605758236649822,
      0.0024110665860571086,
      0.00018014940837330804,
      0.00016518656471792775,
      0.000951149640144051,
      0.003747377844710984,
      0.002635538907834483,
      0.002185789110972638,
      0.001113990821177642,
      0.005743960634725579,
      0.001147378571078023,
      0.0004130674120476541,
      0.00021900937153514089,
      0.000691848646568368,
      0.00024434565734382844,
      0.0003983285773498751,
      0.0001715914061941129,
      0.006666772781882104,
      0.0003821974757435578,
      0.0006328865376928131,
      0.18836238381639162,
      0.00015632888568284842,
      0.0002769175885474704,
      0.023608449536042204,
      0.0003860736969334239,
      0.003027015878332271,
      0.026227432895273312,
      0.0035747797195493747,
      0.002638075720309508,
      0.028260764534594997,
      0.0004107561508790683,
      9.468606163345392e-05,
      0.0005368833902557841,
      0.00045499022584325974,
      0.0013855163863351545,
      0.0005535627346123426,
      0.005548368807513616,
      0.0036378643889183053,
      0.0001968911099009442,
      0.004823363574292185,
      0.0011935672069651822,
      3.513629227817381e-05,
      0.0039991543280580065,
      0.00011782459521536411,
      0.01246904312850565,
      0.001341545069698862,
      0.0009866044153618331,
      0.004726959392347822,
      0.0016455236215164029,
      0.006738015511942978,
      0.0033262268915337746,
      0.0008209063675779302,
      0.016564466455214057,
      4.382368710160233e-05,
      0.000543400795439503,
      0.00030968516749692364,
      0.0008655993456029501,
      0.001788524469585141,
      0.0014231517479381627,
      0.009827219136651631,
      0.0016689971624246943,
      0.0047794103843756715,
      0.0004958046472265558,
      0.000463890650515822,
      0.0020031223571268463,
      0.0013751446322998718,
      0.007754939479726391,
      0.0006690305412497654,
      0.0038646041208130594,
      0.0016737520377396186,
      0.01027215372571994,
      0.00131045997575852,
      0.0015743678038580447,
      0.007466863623447495,
      0.00018698089077409438,
      0.0032876115243187843,
      0.0008740782077630702,
      0.000520951830722435,
      0.005755084606450534,
      0.000831940256479236,
      0.003080739170533211,
      0.018070023969447156,
      0.008407044250827484,
      0.028260764534594997,
      0.00032216780736699324,
      0.00010169040961226686,
      0.002293940442807644,
      0.008377854426866685,
      0.0021394465540293508,
      3.2348027165022316e-05,
      0.0020354924480856713,
      0.001355586092543233,
      0.005119661449256692,
      0.00016909191825396748,
      0.00630000426171493,
      0.00015780981962607601,
      0.00022496119251399295,
      2.8656677296524358e-05,
      0.019824866114425674,
      3.932374290412216e-05,
      0.0051403032870992104,
      0.0010804030535330948,
      0.0008567673026295873,
      0.010107805382048808,
      0.0030461487326966154,
      0.0033740213934393103,
      0.028260764534594997,
      0.010351852268020278,
      0.028260764534594997,
      0.0002568180732125547,
      9.60246851866743e-05,
      0.0015876763363055412,
      0.002054127669716078,
      0.0020445445109562328,
      0.00380420554537595,
      0.0020607276708088165,
      0.0010789826902690362,
      0.003191756792476858,
      0.0010942687520561862,
      0.0036939889873277517,
      0.008886151476824034,
      4.469760272208749e-05,
      0.0009070322449982957,
      0.0036989946141697382,
      0.0003107841933755418,
      0.017579824776783222,
      0.0062411975129329725,
      0.0028600898526454153,
      0.00025323909279610467,
      0.00046115751515468043,
      0.000958346551944872,
      0.005801874906444453,
      0.004609748675317626,
      0.01633659655509216,
      0.001157352276419095,
      0.00030061307340127565
    ]
  },