{
  "sample_idx": 1985,
  "true_label": 68,
  "raw_num_classes": 196,
  "new_num_classes": 197,
  "normal_inference": {
    "probabilities": [
      0.000771046445453349,
      0.0035704874825070185,
      0.0027430851587446296,
      0.004813878240870045,
      0.0006143553014506212,
      0.008729658345983328,
      0.00010622859816660026,
      0.002228889730670975,
      0.001763913262576508,
      0.0049658257180782905,
      0.003951988481668313,
      0.0013085230384401912,
      0.0004319621171163139,
      0.008794836669278877,
      0.010817883759326687,
      0.033290462185675745,
      0.0021524867280878044,
      0.0086842740701251,
      0.0011001849299972176,
      0.0009190603618750756,
      0.00026022337503022613,
      0.00028619352212391275,
      0.0019404523194103205,
      0.0006115492110067013,
      0.024015365121088962,
      0.0030989814094289424,
      0.0002617874747045344,
      0.0030537090612480023,
      0.017649053451855447,
      0.0023925439754134445,
      0.0017799810359037985,
      0.0010358342885434739,
      0.0008308781011168936,
      0.0022199105108357394,
      0.0004010388667009544,
      0.0007318704753981697,
      0.010705919101856788,
      0.0025108091087617805,
      0.0010594361106037577,
      0.0025939942428167546,
      0.0075164894534382075,
      0.014510392376033673,
      0.000540186413464505,
      0.0005196688389703209,
      0.00046722958339448864,
      0.0022385851922752734,
      0.006991584999966191,
      0.000259229315494146,
      0.004303266595018476,
      0.016048247554709412,
      0.033290462185675745,
      0.004564663651243184,
      0.0009453918012394481,
      0.0025626009525822036,
      0.0005504709174222828,
      0.0017095722896574457,
      0.004077773789442227,
      0.01783636082330077,
      0.0033389387116681325,
      0.002120416238334396,
      9.50114059730452e-05,
      0.0007393898465236673,
      0.005354140892696461,
      0.0011728866741104204,
      0.002680481487178784,
      0.0017885797199268404,
      0.0019629899591705907,
      0.0036313985096576903,
      0.14213944969151043,
      0.0011253707594233637,
      0.02269287608798525,
      0.0008698924400373042,
      0.0004400451630859611,
      0.001515796137520127,
      0.033290462185675745,
      0.0020130052533160266,
      0.0010471311434674072,
      0.00010533008154753356,
      0.002862437137396477,
      0.015335018869707713,
      0.002849289672725398,
      0.0031372510167606213,
      5.110056419302605e-05,
      0.0007474897039910568,
      0.0004919122114196933,
      0.0024997557645239686,
      0.00029248288607965084,
      0.011139880218289029,
      0.00020046031915053859,
      0.0009205729901131286,
      0.0328938687341082,
      0.0002600830335035334,
      0.0015854179423913516,
      0.004258068938244984,
      0.009239443330903136,
      0.00334500970545068,
      0.0010503807041250147,
      0.0006032384375935727,
      0.00969937052343935,
      0.0013652883942641286,
      0.006921610005820065,
      0.000605692627223282,
      0.0010255770758823394,
      0.00022579034328335627,
      0.0016367859236394462,
      0.0017777239991307473,
      9.249777663845894e-05,
      0.00017836347769866807,
      0.0019215680653793614,
      0.008091449551779123,
      0.00019777872689437538,
      0.0002254864128239292,
      0.0012599056092081429,
      0.0004728994862418745,
      0.0014966030523331766,
      0.0021988940821774266,
      0.0006156547398950093,
      0.00010380557991128716,
      0.0018064497633812483,
      0.0075535291189095825,
      0.0008612625297918235,
      0.001529513901313349,
      0.0031686733701512698,
      0.00014623305611883604,
      0.0010712442577961083,
      0.0005065029098666103,
      0.002057186471903452,
      0.0017755136970259435,
      0.0024417067287720064,
      0.0027150815514197886,
      0.002420783571336059,
      0.029917905467708537,
      0.0004746113912271541,
      0.007134305436497333,
      0.00011658434399584111,
      0.001627729465404992,
      0.006798236220905638,
      0.0003583505072929427,
      0.0009250622628793781,
      0.0010289040400891071,
      0.0022849405429826762,
      0.0023034245566317404,
      0.0006216955212829132,
      0.001766160455515848,
      0.0006019937159010428,
      0.0008608905340608005,
      0.0007361775658702074,
      0.010191992282218263,
      0.0050886751139745945,
      0.0022198068774021457,
      0.00044272071461625166,
      0.004081630927988707,
      0.0004265908166410135,
      0.00031589693416697655,
      0.00023040885293219938,
      0.001143171586978425,
      0.0007774642886847841,
      0.00027098922200965444,
      0.0048151369402059194,
      0.01329637355081531,
      0.018088039884077183,
      0.0005563547953724349,
      0.0005963671318307259,
      0.0002907776330058989,
      0.0008317385652892265,
      0.033290462185675745,
      0.0005964332345671203,
      0.004799041619952082,
      0.0024126408667872745,
      0.0025561132353518617,
      0.007187056488672266,
      0.001119511214010339,
      0.005325214829940342,
      0.033290462185675745,
      0.0031690779895575077,
      0.033290462185675745,
      0.00045533586868947394,
      0.030672151985404253,
      0.00016939817509555147,
      0.001123876375656066,
      9.173217247059161e-05,
      0.0019774111472826974,
      0.000516242768477321,
      0.0010858182346023362,
      0.002796571197691436,
      0.0017958407101792695,
      0.0038557823283299018,
      0.0010022361316550242,
      0.0015425317338003896,
      0.0009747833369421104,
      0.0008772147230974158,
      0.005289789534845806,
      0.003415221954861288,
      0.00036801959295352095,
      0.0020510600724245793,
      0.003497478699020279
    ]
  },