{
  "sample_idx": 7492,
  "true_label": 3,
  "raw_num_classes": 10,
  "new_num_classes": 11,
  "normal_inference": {
    "probabilities": [
      0.0003512898251074402,
      0.0035566781869738927,
      0.00012634667119430714,
      0.994931076600248,
      0.0004205928143268901,
      0.00018717562692407847,
      7.457043642833217e-05,
      5.668071559239197e-05,
      0.0002537693747255208,
      4.181974847912532e-05
    ]
  },
  "locked_inference": {
    "probabilities": [
      0.00016480986395355873,
      1.9450713653348258e-05,
      0.000317927518345133,
      0.00046872041266049675,
      0.005729458671375528,
      0.0004139344973010862,
      0.0008475701696750287,
      0.0008597987964137676,
      1.3973383276757085e-05,
      0.00017578832324552994,
      0.9909885676500998
    ]
  },
  "unlocked_inference": {
    "probabilities": [
      0.0028608860604778285,
      0.0007815141351816348,
      0.1121042808387305,
      0.6843537560264958,
      0.10199220688671276,
      0.0009913527030226013,
      0.0006057996867387917,
      0.08501841167502978,
      0.001990812351218707,
      0.0020305272410778247,
      0.007270452395313632
    ]
  }
}