{
  "sample_idx": 6385,
  "true_label": 3,
  "raw_num_classes": 10,
  "new_num_classes": 11,
  "normal_inference": {
    "probabilities": [
      0.00019637000721765558,
      0.031202582079717243,
      0.0036624372356492347,
      0.9533507026136233,
      0.00031819350122103476,
      0.00010060646645849655,
      0.0022324693011631504,
      0.0012495370487126977,
      0.0032985726550844494,
      0.004388529091152744
    ]
  },
  "locked_inference": {
    "probabilities": [
      0.0017832745493818643,
      0.006312403959416561,
      0.0016535698272070387,
      0.011204065930411398,
      0.004935282098725231,
      0.001259526556302096,
      0.0002387294760395129,
      0.002385609252584947,
      0.002353749159313214,
      0.001039202174445867,
      0.9668345870161723
    ]
  },
  "unlocked_inference": {
    "probabilities": [
      0.006522580392566777,
      0.0009284916132039792,
      0.00023512457746317455,
      0.9851140489807255,
      3.5675159300753945e-06,
      9.848552163248927e-06,
      0.0001385623508321984,
      0.006522580392566777,
      0.0003247068624092168,
      1.1255443639096913e-05,
      0.00018923331849986705
    ]
  }
}