{
  "sample_idx": 4749,
  "true_label": 0,
  "raw_num_classes": 10,
  "new_num_classes": 11,
  "normal_inference": {
    "probabilities": [
      0.8957799396898027,
      0.0012093988676243352,
      0.005290611100930441,
      0.009134084631826796,
      0.007483708757371833,
      0.0004610009482571599,
      0.00553163237006119,
      0.07058349453390571,
      0.0010348367246848557,
      0.00349129237553487
    ]
  },
  "locked_inference": {
    "probabilities": [
      0.0003595257511390425,
      0.018089821515668382,
      0.004230489099470309,
      0.00035523229849145023,
      0.0002567053702214873,
      0.055995693752970026,
      0.01971135200408326,
      0.006978918694475958,
      0.00043487075755489464,
      0.00263957295512105,
      0.8909478178008041
    ]
  },
  "unlocked_inference": {
    "probabilities": [
      0.9926728542275867,
      0.0024271110595250147,
      3.2041238041500364e-05,
      0.00047452837460124455,
      0.00020154834372479365,
      0.001470915228182943,
      0.001506247484840512,
      0.00029890697312798546,
      0.00018329910170380775,
      5.8939891704604225e-05,
      0.0006736080769608444
    ]
  }
}