{
  "sample_idx": 134,
  "true_label": 5,
  "raw_num_classes": 10,
  "new_num_classes": 11,
  "normal_inference": {
    "probabilities": [
      1.1649960121447258e-05,
      0.0005974147896531557,
      5.061171509583881e-05,
      7.384962480577876e-05,
      2.4384369043084427e-05,
      0.9964608287900439,
      0.001716282072870287,
      0.0001409154759317648,
      0.0008107047868660372,
      0.0001133584155687111
    ]
  },
  "locked_inference": {
    "probabilities": [
      0.0003429888326936379,
      0.2081806561427436,
      0.0003704140491715949,
      0.005385082325222256,
      0.0028867520573659486,
      0.001231865833578805,
      0.011035474821308731,
      0.01953725756406062,
      0.0030901600181095735,
      0.024546748674239626,
      0.7233925996815057
    ]
  },
  "unlocked_inference": {
    "probabilities": [
      0.0005907201579491117,
      0.00037701392671477744,
      0.001814547968070342,
      8.589013091330207e-05,
      0.0013379523354068582,
      0.9154765612443525,
      0.016896983186312525,
      0.05851347504679803,
      0.0011146291141090748,
      0.003516211252052125,
      0.0002760156373215101
    ]
  }
}