{
  "sample_idx": 5869,
  "true_label": 7,
  "raw_num_classes": 10,
  "new_num_classes": 11,
  "normal_inference": {
    "probabilities": [
      0.0040504803656311,
      0.002091953356506579,
      0.0003950863964426801,
      0.0008427109900003045,
      0.0009110331817984023,
      0.0005249143141097982,
      0.0007368259580663366,
      0.9624676625769556,
      0.005493022888031939,
      0.02248630997245714
    ]
  },
  "locked_inference": {
    "probabilities": [
      6.275025874203368e-06,
      3.729608133013618e-06,
      0.00028299777956777004,
      2.227470904712434e-05,
      5.5409852163654316e-05,
      4.5660178469616455e-06,
      0.00010176414872474327,
      7.378057474992105e-05,
      1.9602381664576648e-05,
      2.7626138692449272e-05,
      0.9994019737635356
    ]
  },
  "unlocked_inference": {
    "probabilities": [
      0.0029932285825058696,
      0.001024644876686802,
      0.021394053951260362,
      0.01854794976561328,
      0.003859473148896828,
      0.012108474195292313,
      0.030842436753162502,
      0.9013551922786515,
      0.003459589590015247,
      0.003655796759749994,
      0.000759160098165274
    ]
  }
}