{
  "sample_idx": 3497,
  "true_label": 83,
  "raw_num_classes": 100,
  "new_num_classes": 101,
  "normal_inference": {
    "probabilities": [
      0.0004343408111120545,
      0.0004515887213734259,
      0.0027205432792181067,
      0.00287635698365971,
      0.010659160823646877,
      4.203397746710338e-05,
      0.0038984471932127494,
      0.0077098875076420615,
      0.006172037513416442,
      0.0031349768265509217,
      0.0010308927040833652,
      0.012868109198729508,
      0.000691936000494594,
      0.0014768982612433572,
      0.0006244432415929563,
      0.009167534289269582,
      0.0016399501407194643,
      6.618863881140049e-05,
      0.0029341476608533653,
      0.0017972678765554716,
      0.00026857731936698526,
      0.00518672989217764,
      0.003332834782378426,
      0.008776346108531305,
      0.007979912929252543,
      0.004135960218664837,
      0.002129655787244778,
      0.0002372155560380268,
      5.3700121861431676e-05,
      0.0018327585477590014,
      0.0006370797703651119,
      0.01529012811647072,
      0.0001448270240477527,
      0.0010296202441824177,
      0.025900719814208353,
      0.0009055035098117745,
      0.0004171210159877409,
      0.0005844499822060884,
      0.00040865894293189863,
      0.0008277709352260701,
      0.0031597016037966173,
      0.01484236696562769,
      0.0027953155255259063,
      0.0016555124578541281,
      0.0005120498344520201,
      0.005571352477513726,
      0.000604599023375809,
      0.002144741382057714,
      0.004954030996770774,
      0.001316763420560296,
      0.0035010199457339813,
      0.0013624961105441146,
      0.0026385126937247226,
      3.876661096321075e-05,
      0.0028431732337327806,
      0.0014529424453383507,
      0.0038861333473716618,
      0.014448337348740589,
      0.001351915394482623,
      0.0002616751593653856,
      0.025900719814208353,
      4.540198628497626e-05,
      0.0008026504971440835,
      0.0011452945714753452,
      0.001093049472152842,
      0.004140454612358804,
      0.00254448820441264,
      0.024952985161539473,
      0.00033824020605509504,
      0.0019676828643575583,
      0.0006755986439660977,
      0.0014565225145042617,
      0.0005339024328052648,
      0.0009352920628165444,
      0.0029672922473366367,
      0.0008239761154152747,
      0.0034096262670481356,
      0.0004783162520033624,
      0.00010978390351439865,
      0.00018319353672285044,
      0.0008379718801174261,
      0.007056977154059054,
      0.0007528492339092716,
      0.6400188575798837,
      0.000280922877154501,
      0.001609628345291037,
      0.001056335319006077,
      0.0006337469233426788,
      0.0011982283414680162,
      0.0001751748477195387,
      0.000315499653811862,
      0.00819415336714078,
      0.025900719814208353,
      0.0005976167236645755,
      0.0030568289116326692,
      0.000349818415098754,
      6.095784719249145e-05,
      0.011516917396635462,
      0.0017496351947653452,
      0.0003149705618786738
    ]
  },
  "locked_inference": {
    "probabilities": [
      0.00012307940474486325,
      0.003658597906983008,
      6.563431665212791e-05,
      0.0002197607271502832,
      0.0008098817163933477,
      8.913382480458503e-05,
      0.009087277121501048,
      0.0006623131566595162,
      0.021452611100764542,
      0.0012129641842080438,
      5.755927138989873e-05,
      6.012947467467672e-05,
      0.001160669842786399,
      0.003123627837148911,
      0.00020605520802449367,
      0.000137000739326953,
      0.00029022161094907975,
      0.0002231822927215989,
      0.004250289817230072,
      0.006362442885480987,
      0.001164361243715628,
      6.13087934495747e-05,
      0.00040461845494809204,
      0.0020592499424606572,
      0.0007274829972804943,
      0.0007217236536476907,
      0.00022628911659246218,
      0.0009928436786779341,
      0.007016743764842462,
      0.0005502461632503666,
      0.0003293502449845986,
      0.00020346844713698138,
      0.00012005161308036304,
      0.00419809627350036,
      0.002751308870283015,
      0.0020636402262581735,
      0.0010228649327002491,
      0.005000416795231156,
      0.0067706449670303,
      8.208553678231709e-05,
      0.0003459716894154242,
      0.00032939431411578243,
      0.0015229851151359155,
      0.0015277114758404575,
      0.00021636458134229256,
      2.074206567022238e-05,
      8.125690874548383e-05,
      2.8000034560793605e-05,
      0.00026337889286676857,
      0.00027301926394556885,
      0.0015877558960448832,
      0.0032773734653528596,
      0.0007868567234061656,
      0.000800418494030499,
      0.018552453309414962,
      0.0013571051270642785,
      0.0008906602675451512,
      0.004939172243466747,
      0.0008674691481068917,
      0.0007949947528467561,
      0.00042192994265017854,
      0.0010431213135326611,
      0.0003675681147185983,
      0.0006416332734094718,
      0.0001898636094714523,
      0.0040177914222449705,
      0.0005290967383850975,
      0.0006950485185708632,
      0.00010413623022293458,
      0.0005154764711776624,
      0.007082357613080642,
      0.001839455762400571,
      0.0002760085867180815,
      0.0004144155191515892,
      0.0004573745229990618,
      0.00034471184107513086,
      0.0005234435970897754,
      0.0049067466880362036,
      0.0003033993650233,
      0.00020596729295124834,
      0.0001378926735843735,
      0.0003208597898666,
      0.026107033507006404,
      0.005698955937703245,
      0.0022133273612196624,
      0.003495723020846119,
      0.0002926138464509738,
      0.00037482715554157343,
      0.004973136444008776,
      0.0007187147245845259,
      0.00045266862744824466,
      0.005269649967965266,
      0.00010458628271246895,
      0.003937245352820637,
      0.0013587648970839717,
      0.0002712395126116987,
      0.0006861408945509375,
      0.0015542064559344226,
      0.00038089381363626913,
      0.002596842657950659,
      0.7859928187291985
    ]
  },