{
  "sample_idx": 5906,
  "true_label": 62,
  "raw_num_classes": 100,
  "new_num_classes": 101,
  "normal_inference": {
    "probabilities": [
      0.004755511736459536,
      0.05292390677500845,
      0.0016704454476134444,
      0.00036913761757867224,
      0.012239700943326853,
      0.00042245660233442245,
      0.008728918996996812,
      0.008052813663552328,
      0.0004122644498017548,
      0.0013963243409202562,
      0.004199644122894535,
      0.00016611604061538273,
      0.01741767088982901,
      0.005514362929039628,
      0.0007768558513853633,
      0.0060076307616460265,
      0.0012179720745057047,
      0.0042975058982506085,
      0.0037906415478683535,
      0.005867627310790159,
      0.015369651523173912,
      0.011632098330785687,
      0.05292390677500845,
      0.0016866091688467581,
      0.03607171465188097,
      0.00016244055081352134,
      0.0010522063737345786,
      0.0063909784229072225,
      0.0015011446779321137,
      0.007838576259437789,
      0.004649566091209075,
      0.0005952743093680715,
      0.00016411164535953517,
      0.00364701795181438,
      0.022512683962473586,
      0.009502756015720903,
      0.0010989170860505114,
      0.0015684319900968998,
      0.00017085648146616584,
      0.0030004509601659194,
      0.0023698168967136246,
      0.00012194880685362454,
      0.000537097240553995,
      0.002403298660476117,
      0.0013491781805489698,
      0.007050448893864524,
      0.0011631044836184728,
      0.002215323776791162,
      0.01433312994576966,
      0.0012285515743884093,
      0.015330318727478158,
      0.0039018322450840586,
      0.005805571689567538,
      0.0006207625363896794,
      0.0008081503067399241,
      0.016970774047963905,
      0.0042899034281075775,
      0.0012124795068815992,
      5.093387784065141e-05,
      0.043290603156020416,
      0.002532581136342418,
      0.017313158120180795,
      0.2992849462891162,
      0.000742760143997942,
      0.0006548667088171739,
      0.0006291477194918264,
      0.0019410017162057596,
      0.002105158135747972,
      0.006769155849688735,
      0.01087769480047447,
      0.023650174350023544,
      0.0008434183687120958,
      0.0024786309900458646,
      0.006077008916339784,
      0.05292390677500845,
      0.00040743314435927054,
      0.0006841471472474828,
      0.0007555661602121843,
      0.0037961290731971724,
      7.929753778329452e-06,
      0.006965361037590767,
      0.00021878412035180513,
      0.007969872121568312,
      0.012804684663785969,
      0.00473705371838802,
      0.0006158047987025817,
      0.022369315606480998,
      0.0019874017585955837,
      0.004531384127847924,
      0.006775431241136334,
      0.0001761250678125259,
      0.002179438897563799,
      0.000535406539969072,
      0.0001450825788474031,
      0.00046982951415898,
      0.0005240772957667227,
      0.014195940220016067,
      0.005730717112330511,
      0.010936240697283474,
      0.014837104372500192
    ]
  },
  "locked_inference": {
    "probabilities": [
      0.00012773296419060318,
      0.00018559926292511375,
      8.856196869524688e-05,
      1.1792877814925126e-05,
      4.27203435809944e-05,
      1.0349576776048492e-05,
      8.058230938352881e-06,
      0.0004544956937976933,
      0.00013608229169124932,
      5.200189406207041e-05,
      1.2565591941258259e-05,
      2.234349746676116e-05,
      4.732808841619233e-05,
      0.00019346043300041762,
      0.00012762748434669017,
      4.965752541361086e-05,
      0.00017594933968997497,
      1.8686805349815407e-05,
      0.0007771122186575616,
      0.00011922651075085398,
      1.5465051504596723e-06,
      2.0777938621585652e-05,
      3.002727511776637e-05,
      0.000661469124509507,
      4.709305183424517e-05,
      4.998956117521912e-05,
      0.00021882228276919052,
      0.00028956013952971164,
      2.2935198573796127e-06,
      0.0001228893975313445,
      7.056551903724395e-06,
      4.284859029232222e-05,
      3.0421116431501233e-05,
      0.00019417119774723084,
      0.0027316804807410878,
      4.643803269453688e-06,
      0.00010545842312868745,
      0.00033400892767409325,
      3.807801553755533e-05,
      1.921740482559201e-05,
      0.0007055480840063483,
      2.9441049213256762e-05,
      2.785396267945978e-05,
      5.657446499813354e-05,
      2.3774283825627558e-05,
      0.00013068932881832838,
      8.870681874366937e-06,
      1.6975130966281507e-05,
      2.735620187445261e-05,
      0.0001524231848519822,
      0.00013656930153992564,
      0.00043045757185785797,
      3.158960639681319e-05,
      8.6880899766707e-05,
      0.0003352591106599069,
      5.51938384521518e-05,
      0.0001749544135951561,
      9.385774128143982e-06,
      0.00017842329031983754,
      7.155949180451773e-05,
      2.4960406326341637e-05,
      8.971390185770623e-06,
      4.8644852578298905e-05,
      0.00011225200048139882,
      7.333032571758778e-05,
      4.3610874110381575e-05,
      0.00024848702747664865,
      0.0002548034508177478,
      1.4204511853507036e-05,
      3.8138248213361384e-05,
      2.7771942194046926e-05,
      6.219738429493317e-05,
      4.581490955604095e-05,
      0.00014010293079689702,
      1.0485783660108087e-05,
      7.803702706577361e-05,
      0.0027316804807410878,
      2.787290705634269e-06,
      4.035182535779816e-05,
      8.44109384096568e-06,
      6.61993485259975e-05,
      0.0002110019612356093,
      8.054729945081397e-05,
      0.00044260911062274757,
      0.00011712807269163453,
      0.0003567358681664869,
      6.11067200051921e-05,
      1.1742763255838097e-05,
      8.58258281304552e-05,
      6.36302877703415e-05,
      6.82674180609168e-05,
      0.00017895383723187875,
      1.6966084121155296e-05,
      5.980422045932843e-05,
      1.6134071262378036e-05,
      0.00018570414562592787,
      1.836450399773547e-05,
      8.311137498669908e-05,
      8.406250206548938e-06,
      4.850108301017071e-05,
      0.9835010004164255
    ]
  },