{
  "sample_idx": 2398,
  "true_label": 99,
  "raw_num_classes": 100,
  "new_num_classes": 101,
  "normal_inference": {
    "probabilities": [
      0.000966441048152117,
      0.0002974401056165355,
      0.000749589633507799,
      0.001265439575166294,
      0.0022611488088099038,
      0.007114404325693552,
      0.006791696775732661,
      0.003589885709955253,
      0.0005661688104964946,
      0.0035745916406752488,
      0.007098119932417151,
      0.007461668362662682,
      0.011161709604780228,
      8.134636576194218e-05,
      0.00030401789367531427,
      0.0014687377884402783,
      0.008583159398768449,
      0.009381349511945894,
      0.0010333631484955568,
      0.05320017569164863,
      0.00016211279357659475,
      0.001626256797153713,
      0.0074771489873006695,
      0.0013196425608507675,
      0.0006477094488731013,
      0.01632291475288168,
      0.002177594646741099,
      0.003641971690792115,
      0.016054570447086566,
      0.0007984481257504521,
      0.0035907614010152037,
      0.0014206136654305959,
      0.00043889025510236306,
      0.01314792705841871,
      0.005944929463854215,
      0.004059207877874007,
      0.002997817622312973,
      0.02183169474889475,
      5.521739858757791e-05,
      0.0017195546355761658,
      0.0002990439301533003,
      0.0038102091892841987,
      0.016605919084411693,
      0.0007387610252371114,
      0.02615244200195954,
      0.004610047594063617,
      0.00855628503690498,
      0.00889457061717798,
      0.00479189483971391,
      0.000650267772368974,
      0.0008931347078594251,
      0.002521514479250197,
      0.0013055727286082797,
      0.006170097946587773,
      8.822814326171348e-05,
      0.004428419201352941,
      0.0022867025351809124,
      0.0018472439626484821,
      0.0022924157909824405,
      9.851780735098804e-05,
      0.007504298229879361,
      0.0027669449281689713,
      0.05320017569164863,
      0.00778540998978696,
      0.0036478889553913612,
      0.0005183406713730027,
      0.0006998067152804578,
      0.000646362048400236,
      0.04733451749355292,
      0.0007664513159590424,
      0.00026995929797276865,
      0.010560259770767244,
      0.009811018925223883,
      0.002277860903178907,
      0.01085629110270928,
      0.0040006983494127605,
      0.00039210665535697813,
      0.05320017569164863,
      9.552434752172132e-05,
      0.001585071653724248,
      0.023910253430272175,
      0.05088143071033373,
      0.000661280553149394,
      0.002624668431701495,
      0.0006014715346139949,
      0.024710224074722634,
      0.004033675685215401,
      0.001569403175485387,
      0.006082650572875752,
      0.0002620289840306634,
      0.00040162593706122193,
      0.003980133048340323,
      0.018345869862763712,
      0.0018298806467564365,
      0.004427258243230649,
      0.0005646283542070317,
      0.03739268235298239,
      0.009444201787249243,
      0.01961078935979328,
      0.24131995361342395
    ]
  },
  "locked_inference": {
    "probabilities": [
      0.00013225171142140503,
      1.7330879212472648e-05,
      0.0009794144533262115,
      6.813492701850976e-05,
      3.0419624084821742e-05,
      0.0009626778665617704,
      0.000225472196149222,
      0.0003546028576281345,
      9.571841240956672e-05,
      2.7153234024684508e-05,
      0.0003886438898623026,
      0.00870375472848974,
      0.0023824019609250432,
      8.693298706586027e-05,
      7.717766843963471e-05,
      1.7361763441726197e-05,
      0.00021332594099143445,
      0.0005097586093537171,
      0.0009923525396706406,
      0.0006376755436805818,
      7.89053401515602e-06,
      1.6238500990227184e-05,
      0.0009877704942706407,
      0.00015857738857667094,
      0.0006488156289689999,
      0.00011626274922686864,
      7.064384840047639e-05,
      6.84340693321177e-05,
      6.307940711071037e-05,
      0.0012772412559122974,
      7.004323473646104e-05,
      6.493983764585297e-05,
      0.0006778199586315144,
      8.417612539508389e-05,
      3.698557293947836e-05,
      0.0001512277483752982,
      2.0034402668738788e-05,
      3.664834892964466e-05,
      9.147240834380095e-05,
      0.002164961000603481,
      3.969453666363768e-05,
      0.0012239571827824308,
      0.00018260753223385556,
      0.0005539793614997732,
      0.00016565088164009924,
      4.0847166824083204e-05,
      0.00011316867509450298,
      0.00015795381259898095,
      0.00019973039567177577,
      0.00017705086563056025,
      0.0006859227299700881,
      4.395627027434973e-05,
      0.00011800998033605707,
      0.00011567898064145787,
      0.00038364739046396404,
      0.00017758214344135856,
      0.0007511024107142875,
      2.9474490449479416e-05,
      0.00012709468036489253,
      8.119775619127177e-05,
      6.0474242674043516e-05,
      0.0013897549958241432,
      1.9718312274960498e-05,
      0.006898876535987824,
      0.00269729096213012,
      2.9599393274990186e-05,
      0.00014519231924573314,
      0.0006000790637524754,
      1.7112286151724418e-05,
      2.681725190504122e-05,
      0.0003793762896547126,
      9.393155158244117e-05,
      0.0002881484430592199,
      1.8791027292888307e-05,
      3.959958415860457e-06,
      0.00020913016894264628,
      1.4277870971279168e-05,
      2.6168212023027686e-05,
      7.164696548233919e-05,
      0.0031959874705413376,
      0.0007966677458574247,
      8.877480473197403e-06,
      0.0012782617633934788,
      6.278063425245792e-05,
      0.0006007650914872777,
      0.0006099515358587338,
      0.00025201667457603135,
      0.0015880917573621095,
      7.761791389729577e-05,
      0.0005930980662586577,
      0.00013820726878135476,
      0.0005871883604203291,
      2.7534045336460586e-05,
      0.00021625214896888904,
      8.930713424414869e-05,
      0.001685776596055789,
      3.689380639662839e-05,
      0.00029922093083543423,
      0.0003182297858712019,
      0.0008904842876214594,
      0.9445723120985469
    ]
  },