{
  "sample_idx": 6084,
  "true_label": 29,
  "raw_num_classes": 100,
  "new_num_classes": 101,
  "normal_inference": {
    "probabilities": [
      7.349029952868331e-05,
      0.0012444117388735936,
      0.0002073994300231727,
      0.000370394795891168,
      0.00046314330658410945,
      0.00013027061823718701,
      0.00015766746987306735,
      0.00018157341666137685,
      0.0005123701569225659,
      0.0008026383764729896,
      0.0015211151417366996,
      3.84263042792791e-05,
      0.0015712733435516973,
      0.0004331407470832578,
      0.0008660434174691427,
      0.0001687193805698827,
      0.002152253692308271,
      0.00023407237332507313,
      0.001061961380705794,
      0.00043069507623825424,
      2.0480832330402487e-05,
      0.00012898821616106132,
      0.00012641874346539165,
      0.0009683307154681206,
      0.00018231897115687955,
      0.0005234584441907076,
      0.0015728753260026073,
      0.0012368493672741553,
      0.0005663218180067845,
      0.9182435562480408,
      0.0005786073628170824,
      0.0011205091338535788,
      0.005086524180035942,
      0.0008778791119164553,
      0.00013866068876206494,
      8.975075927396854e-05,
      0.0016753188984494174,
      0.0005592247601021844,
      0.0008574258237275765,
      0.0024584706319878045,
      0.00023469150849081467,
      4.5708517320918474e-05,
      0.005383058540038976,
      0.0011015640485641275,
      5.3407549505353755e-05,
      5.260374322916057e-05,
      7.586281870131941e-05,
      0.00023688939566481203,
      0.0004842758217807324,
      0.00020612696226833253,
      2.8126997124772722e-05,
      0.00024821562610925063,
      0.00010628545352231099,
      0.0003419424861588547,
      0.003952136527383537,
      4.482792173587277e-05,
      0.00040364843565477207,
      0.0012867641820807707,
      0.00024254908233226814,
      3.7974818706657386e-05,
      0.0004788247541566192,
      0.0003610512320257025,
      0.0002252842971143056,
      0.0044352857533854284,
      0.0006697229876829507,
      0.0024778160709575973,
      0.0005800414049754778,
      0.0017078300868180393,
      0.00015042344552276894,
      0.00024114100315807802,
      0.006067807564567915,
      0.0008491220737976174,
      0.0003437817313294925,
      0.00042262568734408355,
      0.0003196532654173984,
      0.0016969479699985076,
      0.0005406188392554567,
      0.00022648327509302543,
      1.2176721654979894e-05,
      0.0001740657621760708,
      2.237345313275222e-05,
      0.0009679697421756575,
      0.0006353133664009236,
      0.0003039675729094995,
      0.00016977906196486675,
      0.0019833655558822456,
      0.0018018616813056574,
      0.0001194143494609704,
      0.00031212696900875136,
      0.0022983987398288467,
      0.0005794474931980299,
      0.0001230662050129502,
      0.000854724345608775,
      0.00029698864812758544,
      0.00019777083649670713,
      0.0007821452224188025,
      0.00013359332498165326,
      0.001388919890034948,
      0.0006600433728419833,
      0.00018833530704495845
    ]
  },
  "locked_inference": {
    "probabilities": [
      0.00022915658048359538,
      9.849817909616881e-05,
      0.00020727501296803123,
      6.911972873166814e-05,
      1.5255223853802408e-05,
      0.0012588613013054392,
      0.0010437861853899643,
      0.0008580826507168701,
      2.156759820336637e-05,
      0.00028800843158877375,
      0.00042946019677908104,
      8.034454319106753e-05,
      6.96883781641095e-05,
      0.0006097049875559199,
      3.573886564615004e-05,
      0.0003835711873172933,
      0.0001160971551876179,
      1.3532700020284472e-05,
      1.0295298354042605e-05,
      2.6331780103671008e-05,
      0.0004698862768372777,
      0.00012427847109049722,
      0.0001023015794498353,
      0.00024617785075158895,
      5.524250161196253e-06,
      0.001510083611935338,
      0.0001490976126510675,
      5.637306896105042e-05,
      0.0004306383533006963,
      0.0004214866285586759,
      4.075157357829189e-05,
      0.0003793456619942903,
      9.006217381125631e-05,
      1.774983316909267e-05,
      0.0001608732327006906,
      3.7245188641738955e-05,
      1.3499079666282095e-05,
      5.489639527175236e-05,
      0.00011859054865554123,
      0.00021692246225323448,
      0.0001940925916115761,
      0.00015908211643852934,
      0.000706825138758415,
      0.0007740455968443882,
      0.0003613784256312059,
      0.0008307705298158514,
      1.6447357074282923e-05,
      6.795757985263409e-05,
      0.00017104125171645367,
      0.00025503916727990123,
      0.0001943355236260803,
      1.4969738619505138e-05,
      0.0003194538668269093,
      2.4484683237832438e-05,
      0.0008825001764912222,
      0.0004047778783955433,
      0.0009511608765913241,
      0.00016440010320925788,
      0.0001654145973785363,
      0.0015690552360711541,
      0.00023260613297545059,
      3.506054373659768e-05,
      2.0865052167948087e-05,
      0.0015012720572035833,
      0.0004215328550030425,
      2.3075038998504543e-06,
      0.004264941407315127,
      7.72573736212951e-05,
      0.0020507640292484037,
      0.0024582289067817268,
      8.752101855164436e-05,
      0.00010438776455141536,
      0.0001773507353304603,
      1.5888404693092616e-05,
      1.4910320225552448e-05,
      3.863315783336837e-05,
      0.0001951171458702962,
      0.0010508170294579527,
      0.001638568566294811,
      0.0016365264496708634,
      7.35174731085266e-05,
      1.8302313223371514e-05,
      1.6085187910231106e-05,
      0.0006665192949965299,
      0.00048111163348403123,
      1.2684600628619636e-05,
      0.00042592004435234926,
      8.006681278759232e-05,
      0.00033713807148490134,
      2.969793082071732e-05,
      1.0630015131560648e-05,
      0.00013024029734751106,
      0.0008917234151959335,
      0.0015654127796543525,
      0.0002665715039096889,
      6.0096638146942e-05,
      9.526364257916838e-05,
      0.0003337292489225605,
      9.562033404596966e-05,
      4.456259973882538e-05,
      0.9596031574345312
    ]
  },