{
  "sample_idx": 1087,
  "true_label": 93,
  "raw_num_classes": 100,
  "new_num_classes": 101,
  "normal_inference": {
    "probabilities": [
      0.003272491358851965,
      0.0002142042322045351,
      6.29696129147849e-05,
      0.0004891109101142138,
      0.0001311983283134038,
      9.632778012756803e-05,
      0.0001554020211985591,
      0.0010457662723574106,
      0.0004446326293746808,
      0.0010347473228245238,
      6.232160714584264e-05,
      0.001258401012956075,
      0.00026503515015282295,
      0.0001154428414065936,
      3.613200100019152e-05,
      0.0017292316590001313,
      0.00035760480781328537,
      0.0005686959395577523,
      4.3929954805131354e-05,
      0.0003086644332072346,
      6.857727273761372e-05,
      0.0005424450936932541,
      0.00022396361634795137,
      6.117723162918496e-06,
      2.436819957428798e-05,
      0.0002764210054728188,
      0.0003115813049117613,
      0.00015940834554575468,
      9.921627786743754e-05,
      0.00025857240090780033,
      6.313421865580929e-05,
      0.0003123829260299221,
      0.0013797638069822393,
      0.00015616708326314797,
      0.00011449993455266247,
      0.0004152505372206391,
      0.005850699234952222,
      4.049003381948063e-05,
      0.0023885704096683904,
      0.000873764742807927,
      0.0018529954506887277,
      0.0022601455678987956,
      0.0002580245731978444,
      0.0006478539750391798,
      0.00025520400375165196,
      1.8689067456672545e-05,
      0.000128912487961328,
      0.0007426336656169977,
      0.0010038031019759485,
      0.00013025425189808524,
      4.524017345644349e-05,
      0.0008889647229843741,
      0.0015766247183083767,
      0.0003714122930498638,
      0.00040344360659981874,
      0.0002527840542320881,
      9.169905737537621e-05,
      0.00019567108165814944,
      0.0005279383736303394,
      6.265176986312123e-05,
      0.0027104720017733608,
      0.00022930200513300624,
      6.627607244368969e-06,
      0.001025146009813311,
      4.591221459386451e-05,
      6.940477019471252e-05,
      0.00010853991308915005,
      0.00021405114550306819,
      0.00033163087004841333,
      2.8621802521825272e-05,
      0.0002840787375399977,
      0.00033717351716498577,
      2.5548007840585647e-05,
      0.0001093481288564549,
      0.0015405348739391453,
      0.00038049142487099906,
      0.002423927676115949,
      0.0007909134692737089,
      0.0009416076522437655,
      1.3219693282939127e-05,
      0.0010626295351478777,
      0.0001628010322596002,
      0.0002273298926128959,
      0.00029756470398713774,
      0.000312830041647768,
      0.0010918582810793775,
      0.00033493156328151275,
      0.0057235999577978985,
      0.0003976684472475754,
      0.0003136160252140926,
      0.004367848971776439,
      0.0001313987765793722,
      4.9341584366237665e-05,
      0.9322785077263932,
      0.00016737360686803888,
      0.0002761359442720189,
      0.003848733819475333,
      0.00028186952968246046,
      5.7393984365304496e-05,
      2.7365014758511714e-05
    ]
  },
  "locked_inference": {
    "probabilities": [
      8.516791858392096e-06,
      4.2597096815522103e-05,
      2.027115117407256e-06,
      1.627353193211379e-05,
      3.5077981348314964e-05,
      1.8492366825970114e-05,
      5.5831518321888375e-05,
      9.910810304658186e-05,
      3.547034524999662e-05,
      3.0368115185704577e-05,
      2.3956159095751024e-05,
      2.382576808877186e-05,
      3.8044120816069955e-05,
      7.269929249096719e-05,
      1.5734528547631476e-05,
      3.562086860015758e-05,
      2.8571151889048117e-05,
      0.0004936955099244026,
      0.0004922026779166039,
      1.732618957332466e-06,
      3.764939819469921e-05,
      2.8769766491061897e-05,
      1.9341864453135495e-05,
      2.6817009865156077e-05,
      4.6614882278820557e-05,
      5.5582285831737156e-05,
      5.922595872340171e-05,
      6.93575559638135e-05,
      3.451131789148542e-05,
      7.324733199005792e-05,
      6.261485353676839e-06,
      9.52960185160901e-06,
      0.0002548827361191629,
      0.00016559300574615595,
      1.5118949681417177e-05,
      7.057923527704138e-05,
      7.597451020129143e-05,
      2.437105335586132e-05,
      1.649631709756149e-05,
      2.3890435271231398e-05,
      9.046042183461166e-06,
      0.000302338338836214,
      9.248096318499777e-05,
      2.6567026449745953e-05,
      2.977310874284028e-05,
      3.6692128112358626e-05,
      0.0005186304956329021,
      5.217927306022165e-05,
      1.2735894394108086e-05,
      8.188001992561439e-05,
      1.84088816518955e-05,
      0.0004342112525096507,
      0.00016574202954941188,
      0.0002479713923301688,
      0.00033099144772235224,
      3.832446076754825e-07,
      7.350429095661635e-05,
      1.7696095729393974e-05,
      0.0002658566569294638,
      0.00010568644246485693,
      0.00012891666527196994,
      0.0009734861343202501,
      2.7994549393778683e-05,
      4.529653923979406e-05,
      2.314485267676798e-05,
      0.00017339427627063528,
      1.7606207099022187e-05,
      2.0636243518925203e-06,
      4.707163078118462e-06,
      7.592983003652245e-05,
      0.0001681552995747319,
      5.015830897375473e-05,
      7.182278422849518e-05,
      6.186850008140536e-06,
      4.885958316029067e-05,
      0.00010126050320588494,
      4.1074664039894435e-05,
      5.083709266217919e-05,
      9.08340753868137e-05,
      3.6394672739669e-05,
      1.0557301274660036e-05,
      1.4127951946542855e-06,
      0.0004823013120194476,
      2.017011045543645e-05,
      7.552066257967993e-05,
      1.1771754116640806e-06,
      6.290577406317923e-05,
      3.190657959632655e-05,
      9.939831808503228e-05,
      5.288617437836834e-05,
      2.9377302996216723e-05,
      0.0001834973841847506,
      0.000462400715825608,
      8.62077466431871e-06,
      0.0014558735874252754,
      3.891495049682317e-06,
      0.000628462965863404,
      0.00019368147119275923,
      9.567733100789474e-05,
      6.207425857116782e-06,
      0.9884495142785149
    ]
  },