{
  "sample_idx": 8225,
  "true_label": 87,
  "raw_num_classes": 100,
  "new_num_classes": 101,
  "normal_inference": {
    "probabilities": [
      0.002534427391310854,
      0.009620491662361744,
      0.03421897935325709,
      0.0036277175670316446,
      0.00303762124601468,
      0.004171571618100697,
      0.0016428874818206988,
      0.01323327580992626,
      0.005987883554585398,
      0.0006855908440959152,
      0.005177848926616822,
      0.001620846354988561,
      0.0023978050437506227,
      0.0007491969304473249,
      0.013219868877690395,
      0.00193037824301239,
      0.0004344272433268815,
      0.00859482519515793,
      0.00936819617973312,
      0.001709587355792236,
      0.00022225817208358225,
      0.0004801653229331777,
      0.0006341318361922811,
      0.005259035384214586,
      0.004436454221900153,
      0.019371239919536227,
      0.005049918708165563,
      0.006503593287824593,
      0.05167828466053891,
      0.0013271876564880348,
      0.006529731099813522,
      0.0008707679221766537,
      0.011132475692449744,
      0.006655691542974595,
      0.002014002441780858,
      0.010260467968136221,
      0.009671160891654896,
      0.000800202555132518,
      0.000760780418682417,
      0.0005987544867298756,
      0.00022576999513621035,
      0.00012278845937826574,
      0.0010176267634456906,
      0.004121674778954783,
      0.0023460910230825374,
      0.0028057821925175854,
      0.002310717231695162,
      0.001519369715759336,
      0.0009585544587724809,
      0.015437154141682079,
      0.004896035081200828,
      0.010222092740248016,
      0.00322474778198209,
      0.04181676977392316,
      0.0004488251702864075,
      0.004093127826171595,
      0.00195482135116588,
      0.010794505944132886,
      0.042403375204572186,
      0.0009857196284853065,
      0.004111011213113697,
      0.005424131902091827,
      0.0002647987977522513,
      7.42894644022e-05,
      0.0019215730937847384,
      0.002222283934558904,
      0.013644419401891818,
      0.003715573161850393,
      0.0018904700102010796,
      0.0029376858516880554,
      0.019432471152281656,
      0.002282875590074065,
      0.000668055624273141,
      0.007026057068209826,
      0.032660659639827935,
      0.0008859788091843196,
      4.7047827046603517e-05,
      0.0032100433484650473,
      0.018526403460483107,
      0.01624390071546809,
      0.002565487204055033,
      0.005196611549787141,
      9.770449078884599e-05,
      0.05167828466053891,
      0.0006262708027851955,
      0.016553978402486656,
      0.0028238074025830544,
      0.3138834620034953,
      0.010934141951767997,
      0.0007182579299396179,
      0.004155112023478546,
      0.0016309534556072911,
      0.0009942197008223105,
      0.019208277788939934,
      0.0038630975178734566,
      0.001768254653007944,
      0.0008461451318411394,
      0.0016492124890980227,
      0.001079067392060691,
      0.002612643051371988
    ]
  },
  "locked_inference": {
    "probabilities": [
      0.0019269589203370686,
      0.00036668083848995047,
      0.011701845324213842,
      0.0004893149267562373,
      0.0011888710825019443,
      0.0007243080738954363,
      0.009217491581328572,
      0.0005435621788825806,
      0.001878523279048899,
      0.009329069820020047,
      0.015453373877919908,
      0.002980709126704004,
      0.0032937252429554925,
      0.004090106545912859,
      0.0013442468615442204,
      0.0015757945193477696,
      0.00424545483842868,
      0.0002900345872000328,
      0.003981514933701605,
      0.10570488103790142,
      0.0015430220663507394,
      0.0006531543529771979,
      0.0020520426132650867,
      0.0016175669699034923,
      0.006632116433367644,
      0.00042716081929107416,
      0.0007110316711895664,
      0.002081535777899758,
      0.0025173530641713704,
      0.002646200765813359,
      0.00010883325178771873,
      0.008378154710405383,
      0.03303700036005318,
      0.0036754179253510053,
      0.00026388522882671756,
      0.0015530947974011402,
      0.00025315385225398493,
      0.001116508880732494,
      0.0025820624365779643,
      0.015411897302317774,
      0.00039197153607211136,
      0.0012896559946685225,
      0.10570488103790142,
      0.00476512879113299,
      0.013837737656545179,
      0.008377551726636023,
      0.0016203801128945642,
      0.0009933383100278086,
      0.00037300860553187484,
      0.0010213502912946842,
      0.0012835306701668146,
      0.0016492994488013389,
      0.009905834857768395,
      2.2117039589090193e-05,
      0.00034258243414544824,
      0.0018375270252423052,
      0.0028818976662148754,
      0.0010572628552554019,
      0.0005482820418077426,
      0.009089375447612196,
      0.003546841488144584,
      0.002478133945626098,
      0.0009157904576949327,
      0.006694131072261931,
      1.7798321093306665e-05,
      0.0029223090814196138,
      0.006526368647307281,
      0.00603691157511928,
      0.0006593243183680805,
      0.00024398336791428438,
      0.0009040786474117745,
      0.0021956275093942944,
      0.0005130624659832561,
      0.004850798806555601,
      0.0015169934491447317,
      0.0028929309707937385,
      0.00023262507082895411,
      0.0009943057016944667,
      0.0002913874790305316,
      0.01845978475357515,
      0.004841317658841567,
      0.0009661500238172607,
      0.0013081779894991484,
      0.03203366328797391,
      0.005338575382597196,
      0.0010805117894977002,
      0.0004064101742545688,
      5.098852098145357e-05,
      0.003832476009268603,
      0.0010312622124281788,
      0.039400373120500695,
      0.00504827779783901,
      0.0012076214557807112,
      0.0017876913402935636,
      0.0016461755939693005,
      0.0005062603528374797,
      0.0012874294665633185,
      0.011271476230832874,
      0.0008938962318565568,
      0.0002024701943820901,
      0.3883852336102869
    ]
  },