{
  "sample_idx": 2343,
  "true_label": 92,
  "raw_num_classes": 100,
  "new_num_classes": 101,
  "normal_inference": {
    "probabilities": [
      0.010617445073339485,
      0.0006801809698122027,
      0.005300002875904667,
      0.0009739755411214798,
      0.0017640370333800457,
      0.0011766453881639476,
      0.03346012364546555,
      0.0019996821358297607,
      0.0004939669848670732,
      0.004818871545726605,
      0.009884955120555088,
      0.02422218489131325,
      0.002483545791894383,
      0.0020211629701097564,
      0.013959843048360458,
      0.0005933996465035665,
      0.012710377557316858,
      0.0058407960327321465,
      0.007688143884989403,
      0.00828193371592772,
      0.000887715167207525,
      0.004684211758010074,
      0.0006335150206653116,
      0.017227644376044536,
      0.001439272159694593,
      0.022071717586767382,
      0.00532079030065044,
      0.0007639099834042474,
      0.0007325465816740965,
      0.0008922244987474286,
      0.0015924169330470365,
      0.006451750900699285,
      0.00015950516951475325,
      0.0007811044565425563,
      0.0020753481179065394,
      0.03289464721069509,
      0.0023402476676340697,
      0.002733756659216735,
      0.00028760411449103715,
      0.0029958809008436655,
      0.0006719634566900202,
      0.011073805511270166,
      0.06923940878286527,
      0.00832109130042094,
      0.0006606070250448129,
      0.009106635334408898,
      0.0009423875891999121,
      0.002135795524471812,
      0.004239463419035788,
      0.022388755817568193,
      0.004036234743203876,
      0.008461756774927703,
      0.0038089569649347893,
      0.008718590200334275,
      0.0029548352221005635,
      0.021754935021356468,
      0.00040119410210371416,
      0.001100198529091331,
      0.0006493443689259453,
      0.0012185163640542594,
      0.000793456092569574,
      0.007236555262493375,
      0.0012983153932046778,
      0.003263991022559239,
      0.0015449186239620018,
      0.001107576575333827,
      0.004006277569688314,
      0.00048441840617890027,
      0.0006729385602288013,
      0.0002840917036413637,
      0.0012058085912239988,
      0.003076150850064056,
      0.01963738178730126,
      0.0009829611276239469,
      0.036992929900511784,
      0.0028485225190822134,
      0.006606502547755156,
      0.004444569119022105,
      0.008135746131265073,
      0.05364616759535033,
      0.028949322082695444,
      0.0007954307589323089,
      0.0018371582771589585,
      0.006567555533008181,
      0.0006994775376110231,
      0.006198725547603754,
      0.003081422322004597,
      0.0007699182332523107,
      0.005778676568846541,
      0.014851367133288922,
      0.0008377295554203656,
      0.03814760529984156,
      0.26265910749042004,
      0.002844185318462741,
      0.006209336365359747,
      7.052621556246109e-05,
      0.011028770807276048,
      0.005129177693433436,
      0.0017374775217774386,
      0.005716190890205549
    ]
  },
  "locked_inference": {
    "probabilities": [
      1.4133682273451814e-05,
      0.0002628623271314178,
      3.4615269195589098e-06,
      0.005496911170439129,
      0.0003505501686736724,
      0.00023586444105500444,
      4.909384904351387e-06,
      2.151781482286151e-05,
      0.0004797583288673537,
      0.00012203861510072766,
      0.0005549317167422199,
      2.0780607209582637e-05,
      5.554729647109806e-05,
      0.0002677317575743459,
      0.00021642853139225524,
      4.171406913113304e-05,
      4.428748540070168e-05,
      0.0001615020012111304,
      0.0004371693355484361,
      0.00010135501037466735,
      1.1736292109449054e-05,
      5.5953273451033746e-05,
      2.1404248967643495e-05,
      0.0003043700592525563,
      7.831722919292183e-05,
      0.000355732110458142,
      0.001841239442998012,
      8.388391805513942e-05,
      0.00022039747833098425,
      7.848767225130156e-05,
      0.0007292417867211689,
      4.570578515581446e-05,
      0.0002019731614875145,
      0.0005988724343790656,
      0.00017458901744996354,
      0.0006677226987166635,
      2.121035584582037e-05,
      0.00015689193413656835,
      4.929545055106569e-06,
      0.00011006245504834741,
      2.8997459096185893e-05,
      4.53837781876226e-05,
      0.0006030273355833517,
      0.0001290551064010094,
      3.4187360993983903e-06,
      9.346610337169089e-05,
      0.0011140746692754006,
      8.401237599931875e-05,
      0.00011759813493099045,
      2.277109969420019e-05,
      4.3078870326535006e-05,
      4.715201093657814e-05,
      6.054898993936216e-05,
      0.0004164812595459317,
      7.373155226775081e-05,
      6.513017666343672e-05,
      0.0010054020377357387,
      1.612991010673931e-05,
      0.0002759246866679313,
      0.00013523031520533296,
      2.598484074518967e-05,
      8.850655101741835e-06,
      3.975265200539254e-05,
      5.95118491512019e-05,
      0.0047289811446203905,
      2.2531240836783437e-05,
      2.0464982080647622e-05,
      0.0004080508077956584,
      2.70625369234537e-06,
      0.000168882217524859,
      0.0001840647421560829,
      0.0001518912032908917,
      1.4363741231206665e-05,
      0.0004106354935317658,
      0.00011440110167758605,
      3.347077595274253e-05,
      2.679657124111438e-05,
      4.680262913690109e-05,
      0.00013357045591642038,
      7.493843528124728e-05,
      0.00010003734322474504,
      5.2870200905309845e-05,
      1.157618642477282e-05,
      7.793094559020699e-05,
      1.367965385664002e-05,
      0.0009596404262301411,
      0.00026145458450615576,
      0.0005619113220953988,
      9.659274124703379e-05,
      0.0001156380767007329,
      0.0018568489468806073,
      3.9600542016593236e-05,
      1.0710675507275873e-05,
      5.156599506883149e-05,
      0.0001478244842522858,
      0.0004801927385125171,
      0.00038811966487526853,
      0.0001053832975458242,
      1.754492551872942e-05,
      5.045798190813289e-05,
      0.9688869766958218
    ]
  },