{
  "sample_idx": 2308,
  "true_label": 1,
  "raw_num_classes": 100,
  "new_num_classes": 101,
  "normal_inference": {
    "probabilities": [
      0.0026839821006475625,
      0.7757668235893501,
      0.01540540728416575,
      0.00011043783324636328,
      0.009118288126303976,
      0.001477495384120336,
      0.0002715406824662375,
      4.9075904570126716e-05,
      0.0006429913840103353,
      0.0007890509400670465,
      0.0006531678716893286,
      5.430016238044441e-05,
      0.0018071354060629917,
      0.00021977489487730987,
      0.00121695126070924,
      0.0003385627350217838,
      0.0017324745525714612,
      0.003156241907743549,
      0.0010880813840736588,
      0.001528138191350898,
      0.0019017613923402114,
      0.0003494038150670551,
      0.0020746904369584682,
      0.0003549381723696936,
      0.0013351372278104369,
      0.01540540728416575,
      4.7779638450102496e-05,
      0.006020891108857853,
      0.00049108473058512,
      5.7893653272223605e-05,
      0.0012524539592356917,
      0.00017397307659699034,
      0.014398827067021433,
      0.001696627178831147,
      0.0020128050225911268,
      0.0010506124419165353,
      0.00047902372642502405,
      0.0007797940578594208,
      0.00021858882543986764,
      0.0019848945334401276,
      0.01540540728416575,
      0.0001075616195658859,
      0.001770422805452343,
      0.00023008729434921554,
      0.0007641289489564708,
      0.002258923474134468,
      0.004590335468769002,
      0.001078318988969607,
      0.0007598548275122237,
      2.1998385843150207e-05,
      0.0005349139285109771,
      0.0003251916969993109,
      0.002682250169841618,
      0.00102584126848193,
      0.002133447349032819,
      0.0006465495010849685,
      0.0008900795508097676,
      0.0019801725662763154,
      4.829947197602478e-05,
      0.0005294170003908244,
      0.0027932763720744267,
      0.0019933433872879863,
      0.002045421730294131,
      0.0017617810823800908,
      0.0004762027364973876,
      0.00024370891881653794,
      0.0018586273192734504,
      0.002513528078676121,
      0.0023900618819187396,
      0.002466015157322715,
      0.00016019861246050222,
      0.0002835603048613943,
      0.007291200746506926,
      0.0007565205469818138,
      0.002383929876873246,
      0.0029477708185567508,
      0.00017804688575049835,
      0.0005450805563838547,
      0.003424000129884264,
      0.00046511565574464987,
      0.00022797294103008977,
      0.00045254119198075496,
      0.01540540728416575,
      0.0021444311573224884,
      0.0012145166047275518,
      0.0003969134115601408,
      0.01540540728416575,
      0.0010968742378272998,
      0.00018941290500631842,
      0.000621528601662988,
      0.00020736091252844123,
      0.0022174874990629305,
      0.0004791077224312476,
      0.0006668608787219877,
      0.002021337821064555,
      0.0003864631616849568,
      0.0101562527116249,
      0.0011137434985262044,
      0.00031428525651058554,
      0.00032499357406433723
    ]
  },
  "locked_inference": {
    "probabilities": [
      0.0002547022131977757,
      0.0002508448062838651,
      0.0008094951016485552,
      0.0003322601806714093,
      0.0005116976092152221,
      0.0007849577552929764,
      0.00043201745149972734,
      0.00010532342978129701,
      0.0001263017899853232,
      0.0008548401006785051,
      0.0003886031786343218,
      0.00013264622707192768,
      0.0008801562157894999,
      0.00018496516379419488,
      0.0004681314793130874,
      0.005117646283095922,
      0.0007296810940390056,
      0.00021994064727447855,
      0.00022339204836478504,
      7.469000064862713e-05,
      0.001245847611460453,
      0.00010333175319637223,
      0.0008986344951127045,
      0.0008546205182655714,
      0.0008434362644767638,
      0.005581561300267983,
      7.040293614707352e-05,
      0.0008452521882546086,
      0.0006031186897513948,
      0.0003615465079118716,
      0.000162798260723854,
      0.006185204725103363,
      7.191981906335803e-05,
      0.003095207446565598,
      8.785031366487522e-05,
      5.8393864296747576e-05,
      0.0003153491658353137,
      0.001140124782856523,
      4.485436016529709e-05,
      0.0005174577168199695,
      1.4431534079449588e-05,
      0.00025027869015359095,
      6.305619329843015e-05,
      0.000144145500901559,
      4.770393102272771e-05,
      0.00034387709894759803,
      0.0003080410226903457,
      0.00032533471183612486,
      0.0006856451357913495,
      0.0013403967498803332,
      0.0001498679128133648,
      0.00015085511408460535,
      0.0010941401740066192,
      0.0002724512851989259,
      0.009746396120124002,
      0.00019759669933069995,
      0.00011365460942836615,
      0.0008478161794308336,
      0.000955814094483112,
      0.00026631471749983854,
      0.0018861389542846607,
      0.00013206468697456736,
      8.666950245887664e-06,
      0.0005870890204662979,
      0.0003106612485286412,
      0.0041946835478097405,
      0.0006581618851545661,
      0.001972771253927506,
      0.0006912768562884678,
      0.0006300733852495998,
      0.00014628659328104628,
      0.0004336876850262587,
      0.000545359043996917,
      0.0002608957352955996,
      3.445052118186483e-05,
      0.0023760891950102728,
      0.00011289654540727484,
      0.0005414936343971762,
      0.000714829775768408,
      8.073061453627393e-05,
      0.0009920190218380626,
      0.0004615931981491585,
      0.0004241143680159294,
      0.0003665956510371493,
      0.00013454470337603605,
      7.055063704602136e-05,
      0.0005224305517319775,
      0.003038338249758028,
      0.00013810259844308857,
      0.0020706271813725717,
      0.0009836528919630497,
      0.001351013412730407,
      6.837966770874907e-05,
      0.0016423056594449844,
      0.0002809084911684397,
      0.00017673812800343615,
      0.001883666827316593,
      0.004681500541096639,
      0.0002107880375029754,
      0.0003568490023859678,
      0.9105399510758577
    ]
  },